,filename,window,lib,Label
0,6c2730d57920779bd76521c5145c9a9397dbe31e24f349c80af78cd17494fada.png,2003,Die01,4
1,eba7d43b0b392a72187f3a635d756c21bfa52ac75fd444eec1b66593735e2d4c.png,2003,Die01,2
2,2144b403405bf68d05f330ab99c7862f24a56d1735584d9d3230cc1aaa33e701.png,2003,Die01,4
3,61f49a95147ffbf32d55c309b2449f57254331a0bd001d888a84c643c6a1bf13.png,2003,Die01,4
4,2d5801daa5ce43728fcd7b94ca9d2921f09fd3fcd688cb17b51c266baa9d2fdd.png,2003,Die01,4
5,49caa9922f0f03f6a4982a6132472c1ddfdfa27d759dc33315090f941d1761f2.png,2003,Die01,4
6,557965c255e18d01817bf9ae3c5792540f166020b7a00f27d26669ef6a9f9c49.png,2003,Die01,0
7,eee235bf5c637f0fd0abe6c2d127fdeda0ebb00d62fc2e5575c2e22c7eeabd4b.png,2003,Die01,4
8,0fb519a127d5f8ddc2500aa17b6d88e950069dbd329b20e3dcdc52693978f38c.png,2003,Die01,4
9,a4c4d425d5c91ddb29be345d51d154cd6e62fbdcfd03803c2355ccdcd3b0cc37.png,2003,Die01,4
10,040dea662f360571f9c956cf73a50d5fe431211eb193293f1509eff7f39258cd.png,2003,Die01,4
11,071ab46a64f54e27d15e0670139011db93b60e0e7f9c5df46de878120923a5f4.png,2003,Die01,2
12,dec68c794d76dc2a017411e5b5801810a4f3e41e0c0d3d9741fe9d609d3894de.png,2003,Die01,4
13,26ab35515e3980c6b318e1390b8f5ae59640bd3966e55d7dba0a75bcb4251fd5.png,2003,Die01,4
14,0290e94285b19625dac2c47aee317aa7ceda5f6b80d99418f6f37dc71fdb4b71.png,2003,Die01,4
15,bac2f0cecb9899fdb7fa5e90eeb4d0b9a4f90703907bb71febbd458954edcc8c.png,2003,Die01,6
16,3bde215c3ca98dba88036ac4e233a92238921f4b0f70f5229e60d8404d270c91.png,2003,Die01,6
17,d2c685dd6af2c17e8d77aaf56f2622b0c47b916de2d44269876bf1d8e6b17ce2.png,2003,Die01,2
18,c739bbfae994e8834db170806d28992bd2a76c56c5a090f134f3ffc1334ce8ca.png,2003,Die01,4
19,1252c6dfbca1d6ddbba6094f46666c1ed3d846d094746ab2435eea916eaf0d90.png,2003,Die01,4
20,1dc9609cb2678a4dadfe6425126f31dca2b0cde17d49d39e298e807a7151a72b.png,2003,Die01,4
21,5114b32c009477f6b68efa26c760507ab14cb4a35d8cdf55212a304d881ffe67.png,2003,Die01,4
22,bffd8287b4c060d4fd69bb1b092c40cd835380fb2540277dc768110ca9dea935.png,2003,Die01,4
23,9c02cc1562a0241d4665948bb79ff46bfcfab2f3f7e54b9f38f94d504fae8cca.png,2003,Die01,4
24,15669dca9fa601ffded9be0f9cd48097d45e7e05d662b8a906143267c27fae32.png,2003,Die01,4
25,333bcdb8664a02b4cdcc6f3aa3033764ec3d2d598c2bd74ce414c16ebd330eb2.png,2003,Die01,2
26,71ce6bc35ed4d835835adf6d4a23a9ebb91bb8c14da25dc043ab87c956762de6.png,2003,Die01,4
27,3c304a1c2c535bf134bed06011053a7bd121ae9361263320e8e280763951b4ce.png,2003,Die01,4
28,3f3b9ed2f3027ee121a20d37de7be0306d9da5089580604998b46a60f007d204.png,2003,Die01,4
29,38c38504b18442fa5c5e6dc7099e9a54ac3f6a3afa6b1a1d5cf4f4e1a50ec5bb.png,2003,Die01,2
30,7857246123c965c1927489ab6705befa70a800f8b6a9563e0da38cf157a3d303.png,2003,Die01,3
31,a20f6688c15c1e943bcb97f361b84a57cf16438558faafb52be97f93ce412602.png,2003,Die01,2
32,ccd7d2226436d0b59535a0e2533aeae03e71c347908f7d73416be03d9409bb39.png,2003,Die01,0
33,fec944e28d6f67de5cab6d4a8ad50ba054b8c4802c0b042af16edee3b791c40c.png,2003,Die01,4
34,1f520a386d1647b6c2268516c19c582257e4a1044c2fef38a11b9f0217c78006.png,2003,Die01,4
35,8226ba3377a20b5dd5f22f01366bffdb69cc0ce5ae6032968fd235030ec55166.png,2003,Die01,4
36,b889092d0b6b283c326b22d364744c6c7cffeaab9d38e97dffcfdf056a77915b.png,2003,Die01,4
37,9f9898651da8f85826993ec9b044a75841c8cb80a3053a7730ef982cb646cdb4.png,2003,Die01,2
38,4405dda8d5760e62073d06f6b86a4482eef49142c50cdeba7dbde11119b6e98c.png,2003,Die01,4
39,09c8df1ee390b7ffd0414c32dfa19a8e5179d58e890714a24f1bfe2b63315873.png,2003,Die01,4
40,c39397c9097d9399e9ee29f61b802952f9746e161880b501e383ab98271d4709.png,2003,Die01,4
41,b88fb2b16d8d82f6c96c32bf3d5bdbc4c30c7e95b18583f5c53cd11004daca22.png,2003,Die01,0
42,622729dd41c3b2bf5f8592b7c70c648829dcb457e5790886aff851e280104af3.png,2003,Die01,4
43,d9e3b15805df76a4f03d92a33bbbccfeb83b8a5756ae5121dccd22bf5c386db5.png,2003,Die02,0
44,0c554f195d6a2b6c5af7fe3526b0cc3be87207de264babb4934bf71ff8eff7a0.png,2003,Die02,4
45,2a4290dd5f2b026de9ec0ef37faf2029c4357d99fd6dd38750527c4abf2ac76a.png,2003,Die02,4
46,3de8ce6a964d73ea5ee0d66a60a8a896ff3f69d4a6d27ee5c1559c2f4378203c.png,2003,Die02,0
47,a382441263ca00da2b9c741cf887c3d54d80368df86fd59f2b4f2bf98b7bd4a0.png,2003,Die02,4
48,69a5226fa77efc944b9b4a333c11e57228808ce80c10018c875b410aa3eb86a3.png,2003,Die02,0
49,37db0a65aa5367f4faeb2380ec5b2141bc3b1fd83a5b812807f981744b6e6ac9.png,2003,Die02,4
50,3e25a8549318d8655f0703b05759ce7491f8ea10469fd6746afca5fbccbdba9d.png,2003,Die02,6
51,6723edaa31d0296005c2d4de3592763eb915b6a183dbe526a06d49682b9604e8.png,2003,Die02,4
52,437e292f91b86ebdaed54dd73709ddaabc41a26a16ba7e755a0f33b9f5a9385a.png,2003,Die02,4
53,f6be23da96b5f6b205125cb038087957fb4a4198a6dc046c800427debf8e599d.png,2003,Die02,4
54,3d2d4101cfedd9c1c48133c5a4727c724b34979818456b0917fc7a3e0e7431fd.png,2003,Die02,6
55,66d227d3bc7a193532edea00f1a23d5857510a047308d6047c889f754885c414.png,2003,Die02,4
56,3233bb04a275664c0415cfd1ca84d721f6ee56e09595c8cc6ac0673b8711f3d0.png,2003,Die02,2
57,b02b3ad97abaf053b4f22b55f398e159d98796823531ecae26445709ad993099.png,2003,Die02,4
58,6052a46238da0f1efa6af48f08ccdb20dc173bed4aa1e12cd3bead8912f3393d.png,2003,Die02,4
59,851431bfb897d59de6fbbc974a11ebfe45d56cb803c8c4da01bbacb808be3648.png,2003,Die02,4
60,dc62f437490ddbf408e536ba00a3ee09394ab0ea12d53e0c4b9f8eadfe61616e.png,2003,Die02,2
61,c460edf2c81c32c11a80f3e3d75d231ffff23a3b82a90daeadc74c7fd81f4f1e.png,2003,Die02,0
62,80b458393acf511729b72976a9c17c8051885a644391104424d33f44cc96b77c.png,2003,Die02,4
63,a5d26b6428e57484957313553c42e8c0c21f1deb27b0bbbe1c2632642dbab066.png,2003,Die02,4
64,c202da0280d3ee74bcfdabb21f3ec08b08f137f2ba3cb64613984f3f92e6cee6.png,2003,Die02,2
65,d159128eb49963ac267867f487b16fe55e7e8f0e4d24ce40457b19f0a7072ba7.png,2003,Die02,0
66,18ade52e490eb7b920f79058194a2f8748006e75bab841427dcd69ed2c09c9d3.png,2003,Die02,5
67,d5dfdbefd899389cda3315695081a87164a6f970ed700173e23c3620ac8500f0.png,2003,Die02,6
68,06a3028a9dfa8aa4fbda4a37f57f899b9be4a700bdd4922c215b64cab5a4cf04.png,2003,Die02,4
69,01a76209aad335137d039d3ad7c889a9eb19b18c43178949af62478bd68deb29.png,2003,Die02,4
70,ab9912f30cb7a6d110b7e26ff9b5c1a38979ac2cfd7499936acc4d5b514597af.png,2003,Die02,4
71,b288669e107df3c343010ca35d2dda5ace64865c7760a0a3255367a5b6a65902.png,2003,Die02,4
72,526baf52ed0809511e8384b79d1aa5cafa5e592bd0d43d23a516e5f12d308f2f.png,2003,Die02,4
73,ebfdeadecf801158064b2c8d269be4e6bcaef3f2363741c3334d5731bc0cef54.png,2003,Die02,2
74,0819c1278fa18cbf9a0da20e6101a6b7fcb97877f29a8d9a77362240014c252b.png,2003,Die02,4
75,318d08c2589696ca08d14614fa3254de5a18e6746d26b7ec0195a275625bd1de.png,2003,Die02,6
76,3f056f651bfb2d8aa568bf735403c8d69927a205b00b99bfffb172247ed5ca40.png,2003,Die02,6
77,703ce97759efbece280c341b2289270b5c78d30a027523557413c8211cfec5f3.png,2003,Die02,6
78,72d481cfe14938bf0326e0f3dc9bbe5efa09664fd83f8eea07d43a5de97ad4f9.png,2003,Die02,2
79,b5e89885021e7e45129af5e2a43edd5938cf6160d1f3a603b888da5b75aa8d73.png,2003,Die02,4
80,f5f4bbf0ab088ba4818b4e558dc2dc6e7c5fd5cd94ebb45a18bab354c4583fda.png,2003,Die02,2
81,860ceedaa0eed753034e40076548d979e0135c6048da37e9680cc16f1979c3f6.png,2003,Die02,4
82,de2df7da378fcfb5a6afcf0da1b4f89e711690939e15bae741faca27b61cd146.png,2003,Die02,4
83,14efa7ebb540244706fdad2235b164c9e35dc7a8355720104ee83fb57fe460c1.png,2003,Die02,5
84,587388f30574ef13dda1e1eb29cb92f5108d2c93d9f5c60621e18df02e8abccf.png,2003,Die02,4
85,f7c5614d3b439338aa67def5b5ff6c967ea6ad7dd158676d1127d8e39997eee2.png,2003,Die02,4
86,59bd7a45f849de51d2e2f0760fe687159a663ba56ea057ecb260e2c08ad4e263.png,2003,Die02,4
87,44fde1eea1ef95fa91513a3ba12cf43676cba925667ab335fca09d16af3e085f.png,2003,Die02,4
88,fa287f9ff4ddcbd9c950739e66e0418f4d39753b4dda83f3af7dbaff2b5a088f.png,2003,Die02,4
89,33b791f34bad13cc468acbb9d6447bc6228bb83b48fa27b8e999e9c0fcdffe9a.png,2003,Die02,4
90,f40ed6086b44151d938dba03f44d82dc2ddf8c7e2e0d9ddf2fa40ab475eec7ce.png,2003,Die02,4
91,3e66a13b7dc7769b8f3f7d605b7999a7252665ce2769b259c68db12a4e15ec52.png,2003,Die02,4
92,6e94681623fe03247fe68e6e08619069879b1673bd412f954f7c300d40fefd70.png,2003,Die02,6
93,c49a8f8053be2b88ddfd8e1033e107b9a4948d61997a24622d84c2b4292f873f.png,2003,Die02,4
94,fe6739084f2e89a17699ad77bec3cbee7f6f74c340df8a47eb36884cae8380a6.png,2003,Die02,6
95,50f3ca047fde55c17ce76eb0056de479da47e2c75769cda95b83708aa27b9c1a.png,2003,Die03,4
96,6851b1a1d5cd6387dafd942a63a908b9e0414aa379bf353b1dee95de83e9cdec.png,2003,Die03,4
97,0f22bee12a089ab5023ad87c3c3b90288a34bab17722a0ae736e0f8be39f2313.png,2003,Die03,4
98,d89ad9479b90f2a5afcc4662d29eb8d4307e5ff2bcb644b50c3ec3b793b92d16.png,2003,Die03,4
99,a63372f0a9b61acac07399f43c943f1d64e2d5b681185f04072f22c327132e35.png,2003,Die03,4
100,5e4ff6180f8afce29a2e97ac2de6465e0ffe212fd067599ff2d8be86f775fac3.png,2003,Die03,4
101,0138f02c5f1519e96b2ffb4d378b5387bc0b380fcae696bc5c16e99385adb57b.png,2003,Die03,4
102,feff41d78a981b472dc6b17d569918f1704eb06620a70ec46d0c101d1970a62b.png,2003,Die03,0
103,da513e876beefb025088945bbb1b1b7d6f7cd0d6bec800bcec980df398f56b92.png,2003,Die03,4
104,dcaf39c09bbbd03586eb6445cb9ac9eb72ef0886f4f89eaff22c803f9bd76d0e.png,2003,Die03,0
105,4708c218c45e7cbb076c3c3370a70f46361e7eb3a43b2572acebac9eb891f0f4.png,2003,Die03,6
106,e5f7ee052205f7b317976c039f1b4aa471c2808706c2a1b65bbc07d081f68fa9.png,2003,Die03,4
107,4774ea626d257b9701b14d41b892e3b8100c6628beef30eeb3619c5a5715d12f.png,2003,Die03,4
108,8684bdefaef39b8c6895b8b9b6d127a213cf0a64ddfe5105142c296202548570.png,2003,Die03,4
109,3a6b8f6793527ee7e154d37fd77137774bfa6f4a35cbb99d799c8031434b6cfb.png,2003,Die03,3
110,8e600e8c2867d0612eec1f8230a084d9258ecbb851bf589df2f6da7a6ebae80a.png,2003,Die03,4
111,aa2675295fe83829f9d02a7446468e7a28e3dd7042c4c594c8b15a682a158749.png,2003,Die03,0
112,0d8e13ec73382a71751b7e86f22d617da8b1d06c1ad4b21dcb5999177e1889f8.png,2003,Die03,4
113,9eaa653e4684f281b64337464efd2c3daf86d480322b0015c695995a34c86359.png,2003,Die03,0
114,c43577fccc39e8ef596ca6d51c0d47c942f1587207283ae1fd96f14b8a79e841.png,2003,Die03,4
115,b813124bcb40927f287ff23c427f5d22342a002b858d244989a9b6780552b4c9.png,2003,Die03,4
116,829e4e35200337e0882a1c6d3453c5500674e6a0c793b7783cc9d332ebd20d79.png,2003,Die03,4
117,968e87e80d5d110fed5d7cc6f66aa3e03cf3c79c12e61cf5b50da7027e188e12.png,2003,Die03,4
118,1bfb99b00e72503d7f323f4ec020ea6278278a982b0a9e4df660c2774ae82b77.png,2003,Die03,4
119,2ada5041a5aff775e32fdfb03c346685f418dcffbf4af247c19cd5beed3a7b06.png,2003,Die03,4
120,83ba6a36e89a69eff796c439e96e3169c5e186a0d34fb01ebab9b206aab1d9e7.png,2003,Die03,4
121,ac276eca9475c448561f7828593b9c36ea8319df33e438cca633e660b24a71a0.png,2003,Die04,4
122,f13ed416de6e4b7627aadc4c626e3472610d2ce955a0b6b206ac1b5ce47e6f8f.png,2003,Die04,4
123,d85ee4512145ec5d957c39f54c851c7bb80f5745d59410ce23cd5aa2c151b764.png,2003,Die04,4
124,a8b4d7394f1d72736d6c1b8d335c25e51c10b94229ea5cc3e4a85347fdc5514c.png,2003,Die04,0
125,94899eed352cfc0fe8b96e6a45f907373dc89b8f295e4804304ef4e5bf90cbeb.png,2003,Die04,4
126,c4c108c333915a69b17b6d88ff39e47c81a8f1e90793a9dec09712d7f648a57a.png,2003,Die04,4
127,5aa07afa89426e66c2d073f073885dad783dbe5b54fff16a5cabace7024d69a1.png,2003,Die04,4
128,108a194381dd8e9898fa4829df080a0efecac1838bfcfdb508d1b14ada876ffc.png,2003,Die04,5
129,06d2993470c2c9be2aeab22faf48e206a75be58e45cefc57bb79a5e0fe0b9e60.png,2003,Die04,4
130,c229087b7dd84b2c424513c6bc8748c3be976fd17981355c83955164c2606f8e.png,2003,Die04,3
131,a5239eca2e290ceff4aa6ba86e0ba17491e7240e8a7e2e03234872fba8248da2.png,2003,Die04,4
132,644321d9300362e79033ab244117b093ee25ea6958472fcddbdf37d4a932ef39.png,2003,Die04,0
133,d437797a2bf9f676855ce43c54b516229ad6e635eb96314b236655422b6c1f05.png,2003,Die04,4
134,b62510cf60b83e3c4d53bafab0544024f810f5727ece839980090427523aaef2.png,2003,Die04,0
135,774f7c44d1450a892c44b4eea3351dac9d88023841fa7e78658662fa69a6f42d.png,2003,Die04,4
136,069874f997d5059849d6d724227f8b4758caa2e6cc7c46217e5a642e36868c20.png,2003,Die04,4
137,67406bc029971e414e61363c6f0997a1477c73480f2ea32171b1c4b700007dc1.png,2003,Die04,4
138,e749d497c0d1ec2e4e19d7bd974fd9977cce319fd1b45ba0c6356ee1d7f1beb0.png,2003,Die04,4
139,7808b9bb18797af25d36fca5c7510499ad21fb17ad581d7bee5d5a5e0d03ffe8.png,2003,Die04,0
140,06e2229829d59fe056a09c839d6bbf12c8bc6ffc40fd4b339dee8bb84e9d5a54.png,2003,Die04,4
141,f9377e3916bd685c598a5021c9e886113bb7d11776d92284338c57987e0b5fcc.png,2003,Die04,4
142,3537d21759a56d8b5711a556af08f7952c6a4c93cd5c3d5aa254806703ddf868.png,2003,Die04,4
143,a2d39c01b4082ffcfc7f63a511d325c89f4b8a32c192cf4370b71057975368ac.png,2003,Die04,4
144,84b0ba31101e703ab5416c9733a22b87e954f27b1dac738f153bfe65eb405370.png,2003,Die04,0
145,33f8baf214a58baa0ddafa4afedadf987c7ec932ed2583f80dc26e5d197d3994.png,2003,Die04,0
146,f903baee4c9fe39b8a7a9c6855476dfd8bb4794073ebdb1c2ad1b683ced15014.png,2003,Die04,4
147,406c45bcd7bf607fca5be009a706015bec8e9f775ebdca21a673a6ce656d619e.png,2003,Die04,4
148,e4879f608fdfee5630875e2734f867e005d5de9714eec583bd59728096a58858.png,2003,Die04,5
149,ddc56b9c0692a82e24be824670a4bc83e1c1fbbb215eaa18295f2ca4092fe3a2.png,2003,Die04,4
150,c90c50c8c4ffeb9b5c6c6a6a9c6e8106b21ec56986b7799d301c0ffbef1eb779.png,2003,Die04,0
151,9802d7daa57296072408a27ec6bf42665a0866fc468b736296566eb96da484c5.png,2003,Die04,4
152,82f9c196acfd9f1678618871e5b351a9cc8003a9d429a4554868e11160f2809e.png,2003,Die04,4
153,ee36cc09e25ebead9ac1c963c0a7099f305cb36ed16bacbed4cf53aabddbd4e5.png,2003,Die04,4
154,88b3b84fbdc74081bfc88f9dc6136b7bd273e79a19e6b68445fd394bceacc33f.png,2003,Die04,0
155,09824d36da6607089359f16aaaa976640d862c2d34cdc35a0975bbcc188c1d9f.png,2003,Die04,4
156,d044c88556ef867f35d2d4468640f55e3850bdd5a0b35aedab40a1776a48f441.png,2003,Die04,4
157,a4742bb23dfd519099d937b96db2ea68735eab105aeeecb9c33e6be7fb4903a3.png,2003,Die04,4
158,f6351ae439a817d52bdaca00bd91a1698f027f28bec556846bcc03fe147da5cf.png,2003,Die04,4
159,2d70629ea454eb8c07c9f85b33cd81dd9dffce3405648f1be045d73282382b52.png,2003,Die04,4
160,8771ce61972d28d9e91e02ecb19b261210d02f4a975b0eb62a6178297fd11743.png,2003,Die04,0
161,0b80b8531e9fd901801aab9c2ae7cae29307ea06e1557520cc778336ada4b338.png,2003,Die04,0
162,d5509b9a75f0d1feb77814d2081af72d5a7b2e90e2401401dee75649d35a04b9.png,2003,Die04,4
163,dd4dda38d68d88c0ddaac54a517943e8be0432dc1f704cad42ca111868792f7b.png,2003,Die04,4
164,2c4e57bd770fea6d0a43150f9117573f16efe5bdab9f0c1eca40a01a335427b3.png,2003,Die01,4
165,e247649fbe52a015ca237064f3a2765a6d12c55f373a860e4bbfd7a2e5d545e3.png,2003,Die01,4
166,d343f305a5922d8b5c2ef22305130dbd3c9519b414efa9d9f1afa7784d8a7c4a.png,2003,Die01,4
167,6858a1072bdb079355b0c2f123a95ddd076fa34a1e075c223d67e35101c06e78.png,2003,Die01,4
168,b79130286bca80e843214c25078f91dfa221fe354904ae30529d3263a57c40bb.png,2005,Die01,4
169,ae41d20a7854df083a736e4f6e9923635d4198c9a057c171dd74482f2d215c20.png,2005,Die01,4
170,b9ab23f0aab4e7999e66eca8e6b64a8087e6b6726344fb13c4a75a3a73851c6a.png,2005,Die01,0
171,f18c71e3f00104f9d79bfba296331b08b21301383f1707ca083f57d29003bddc.png,2005,Die01,0
172,972697660b60a378f70086bd69845d04e251419fad1d6e941baafe387f612e77.png,2005,Die01,4
173,aaa7d7b95fd9b312d7fa6a6ca938d14e04a97414f7241fa296e661d095fe69e0.png,2005,Die01,0
174,da68b9ae09d8da01bcbbd2443374ac097d31e8fa4361420c50e99223e09d1c5e.png,2005,Die01,4
175,bac3300c84dc07544d6bd033c8b67e09f0f962f8df2e9b8e97fcad44209d7954.png,2005,Die01,0
176,0f14f043d117279eaf82b4fbd87a1e62b49369b168c2083f6644cff0b1281f2f.png,2005,Die01,4
177,ba624f93ea0e7575c973d699872d22d56c4a3da2294e5804f56d3a19b64b7109.png,2005,Die01,4
178,9c0944f105b25d546873f4c14a5494d89a266ba7472287e82284d88a80029781.png,2005,Die01,0
179,90e9bfe8c3af327fb6649832ba7cf6444fc1c0e07a428af264b7057042306a06.png,2005,Die01,4
180,acb0591f0d0440fb5bf1ce783f4323f8cc2440ee487762e1e075a45ec21916d0.png,2005,Die01,4
181,4d625092ce718009b429d566103170763052282b83abc915c71bc2575f444b93.png,2005,Die01,4
182,cd20340f9008e0acc80378743361fdd3dab876a167e3f61ddf328bc7e5528b21.png,2005,Die01,4
183,e73d5ef85ef95b39e4c3d7b231cb582254f40fb433a1526ef72553df842bbd16.png,2005,Die01,0
184,67999a5ff1286c8be09367b69470203ffe5f199260f29bc800e829eec9241d7f.png,2005,Die01,4
185,cb1613d5a9de9f346923d44a808e6e09979df3ac263e8a6448bed9cd2dea4bb3.png,2005,Die01,0
186,d5d7d03a61eb625badd4dc51deb988f88bb39a295bf26d4d0c0b734279a77c35.png,2005,Die01,4
187,0ca50e9a6ea5d8d95dc175f74434e359913e6fabfc468cc16bb1653257db9ff4.png,2005,Die01,4
188,731eff02196e4f441ef33ae32a624122e737b5ca2db884570def17377779cd6b.png,2005,Die01,4
189,416f4de8e8c6bcf623ab46c49b7b498140f29f09d23fe74a5d3b28bf0bfd2500.png,2005,Die01,4
190,db10ab0f74824c652af7d563826048fcafa6d5024a0c43adaf4a07b76befcf05.png,2005,Die01,0
191,3c7f4b03a7c439c70555e0ea55a70cc8b8e6f2881f1a8057f0b170600fc706b6.png,2005,Die01,4
192,24290542d8fdf5bf5309f38ee5f5c0e02e54e60d4c66a6de1c32cd8be8445c35.png,2005,Die01,4
193,bd5ea7077bc3dc10dda0d8f5e62197a47c89455dd9c0ea19bd04cfc35eb70b47.png,2005,Die01,0
194,9674fa6f84436924f0c22837cd5c476dbe59325a07b5f535819fc4af6168b921.png,2005,Die01,4
195,feedf3c223c1ef98db420cdf63dd15af9c264664dc69c935967df4d39e11185c.png,2005,Die01,4
196,872ee509e8eb0a7d8893ec2f27457eb16a6ff3cc7a0a5915d63b5bb07abc921e.png,2005,Die01,4
197,b10e18788aa98c5849936edb74d23e989daccf9d670b1d54554c9fa2843e82c1.png,2005,Die01,3
198,26a50527f3cace7c16b3ac497352aa279975b3d8bc5e06ba710126f274034190.png,2005,Die01,0
199,06c5f2fcc05710bdd24a660307f1f8aec53d38fe2258d97b36e7266e285e838f.png,2005,Die01,4
200,2b89fe8aea09698162ace494dc0589c55bdf14eccd2cc21772f4c7820df40fb9.png,2005,Die01,4
201,89e6be213e5a867527cd3edeaa050c5fc61f1b78c07ac871232c2e913dd23939.png,2005,Die01,4
202,be65108b5a54c209bfe6fe9a681eaba60ab21d09cc1ad217d8a7d06554698c00.png,2005,Die01,4
203,d544cb0aca7dfa16be090111e30bf49a6afb104b029af8fabf17e8d91b1abed6.png,2005,Die01,1
204,9ebc4c26cb65bd0e23c6cc52a394ccbc2b006de72bb520dc688047d50271c31d.png,2005,Die01,4
205,d294ea17c88ec003b9eab855ea115efb59d835cae4f0bf0b652a7579c26e1f14.png,2005,Die01,4
206,51b68c4bf991dcff6dc54430d01c2f6119cc8d8647e8573c73326f452f70a9aa.png,2005,Die01,4
207,62053e1d6af7235ac9c4fb3dd8b98a1d87e3693e8428429f2bb294f422e55e01.png,2005,Die01,3
208,33061f7059618bf5e9c10975b3ff8c4510f5991d47c51529c29524645ff14b97.png,2005,Die01,0
209,280592ea6ca2c47057541e89b91cbebed096ed80db92a1022daed992ba6c3ac4.png,2005,Die01,4
210,0126d9e617c49a7829051ddd289cb4fef41e08f7f01ac90c05d554e446e8950e.png,2005,Die01,0
211,6364496c4a85578c1cd7e4fe3ef8b3802c73fc9e6a7b79b8e1299fcd96bedbc6.png,2005,Die01,4
212,26137f62c16cb43fb690d14e511755b0b20ce0528c6c419d16fa76a6b1a7d282.png,2005,Die01,4
213,30a80f601351668150ab9d82e529bc80f4a0b8c182c5c334fe0f2829f338e027.png,2005,Die01,0
214,15325f4eee0e613e909b4cd2dbe9fbeef922d0633c35bd182344b04e9924da72.png,2005,Die01,5
215,bb2b228e727bb24b4af44973e198ab407f1d26edcabf7291fece087ea21b86fc.png,2005,Die01,4
216,9e47736680ab67c59b333094d717b9db08b096b02495ec794efa0d6d8c5f105f.png,2005,Die01,4
217,f6e2e45ed978da5094028166bd7fbdbc3d923898d785dddf8dc72293ea88800c.png,2005,Die01,0
218,9130f2d619fc6bcc2aad0ec6ccfcf9d23ef9717cea9091f76dab268dc7eda4bc.png,2005,Die01,4
219,0a435a42400d11569e67ecbd00fc6e2162df30fdd6bc0881a20a79c39fbaf42d.png,2005,Die01,2
220,c49e6522bc4814f12f2e57f319f70f20f2190f899286d4d7977263085884b153.png,2005,Die02,4
221,5465510a9abe6192ce8344a67ca6942f32e3a56d37d36648db0752e2cfda63ed.png,2005,Die02,4
222,33ed2c661da201a3aeb22eb12e9885548333e3cd6db1b94609969ecc17db8f3a.png,2005,Die02,5
223,05065980e1de1e908be53428a373d97003fc9be0d2710a8c372ea3dbd9ad47c5.png,2005,Die02,4
224,dd972cd8799a803fe73d489260de98e124808b27932589d2a4a2ef03ef063a28.png,2005,Die02,4
225,c5a9d855ff4f058770f47b29ec90ef61851e57f28cbe78730bfade5c5db89071.png,2005,Die02,4
226,89203e9ff7e19b35ee05abf9a293574ffaa74b5fd335b2c6a685af5ba742462c.png,2005,Die02,4
227,8c8ea6a696eca729345c523af8f998799956b196bb8187ac9f25b01bcf36d161.png,2005,Die02,4
228,792518019286f6c48104949a5cc98424abb5445896b6700d60385bb354ff0e3b.png,2005,Die02,4
229,98b251b2b72599ca1b75a14d5edc8d6f98425fa29bbddf3fc18de79b38a35217.png,2005,Die02,6
230,907f08365789ee9f209aab06d3b7c093d3f3acb110d9ab61b2a74420c9617260.png,2005,Die02,4
231,c612e1d76bd05c0033aae9bd373908a2e8531007645b946cfc66467a27f1cae3.png,2005,Die02,2
232,e74aacfeafecaa207b7204d94813e9bbe50408efd89315d8848ad495bec85f01.png,2005,Die02,1
233,1a9097e2b0f5a7c244aae52fe82c3b351fbf1e6895510dc90d6de85f82b02500.png,2005,Die02,2
234,d64d53d0459ea45384781ec0009fefdb5750757de21d99ac97871f248f5824f5.png,2005,Die02,4
235,e9d881ef4070b7d9355db75a4d1cb653dd14718044acf90104f4647d69820f67.png,2005,Die02,4
236,11b7b2c0f97fe008db16cce26ba2d78957c5c8f91b1728468f8b8291484764af.png,2005,Die02,0
237,fb9af2fd058772b61e8f719bb22ef818b4390d2b727c25e16a641f4b56fa2f1b.png,2005,Die02,4
238,57e8346206442aa5fbf92cbf1c0907be0998f92f1e91acbf92783d16dc402717.png,2005,Die02,4
239,61b77e2aa8624550e372096ea130f55894b8777a07a15dee34918102e58e6682.png,2005,Die02,4
240,0df0d280e9b760176f443cb59c29334f3a0ca37fdced8e85144cbe0ce32c2219.png,2005,Die02,4
241,c5820c25635dbcd7ad884e6bbadea3b7fa0f107a8be3e701b00a4c709d2ba17d.png,2005,Die02,4
242,cab9137f0de7d733471dc6cdf00115c11f51577ccc9142bcfc72d4f9682159ce.png,2005,Die02,4
243,5c0ae401864d653b2bd6416c6831f9fccc7b3130036b0bb142c73b0e607b6bcb.png,2005,Die02,2
244,dd61da31078f219c1baecc1e8ff572996e63633729f37e2cc23e83a146e7dd40.png,2005,Die02,4
245,2e3d6fc047a1421e082095b12d2735b56b7472dc46f16782ee0bfec022756053.png,2005,Die02,0
246,ab9bc03b38855be5ae684dce28d7c12486746239d26b950135560f2b3d27c7a2.png,2005,Die02,4
247,84e5af421bc830e99401d0adbbd024d6b9f728e1fbf88663afcc20a59004087b.png,2005,Die02,0
248,7bba5aa56e1bee53373851ea7197b38f027cd091d384abd8c5a6ac76afba30fd.png,2005,Die02,4
249,8144a74ab27208ab46ee8661d63b57e9b9fe0eaa1e475c3a184968cce305216e.png,2005,Die02,0
250,c2f5c527923ed731bf08c247997ab129c7995c245389cf2e70be1fd41299318a.png,2005,Die02,4
251,8aa6d9c70e9dc78c2c4d84dbcd7036c6f4f62a8d4f27702fd149ee363ee70e04.png,2005,Die02,4
252,d8cf74c5b19a9781f6ce4480d1d64ad81490abb1771393f812d995e9149c6017.png,2005,Die02,6
253,d92eba508ebbbcb0107b5d0e744ceebf78399eb7f019d2264145a6da4e95749f.png,2005,Die02,2
254,5c8a41a8ff55700c417efa0fcbfb7a0e2abff14780df372f2ae86b7879b73b68.png,2005,Die02,4
255,df1d5fe71609d9af6a2f29ad6ac2ede5e9f742a0754fbf882234e96c590a40d5.png,2005,Die02,4
256,48ec76307845a21cf39cad6bfb08d31751838545beebeac7b4cbbb9e57f1e315.png,2005,Die02,4
257,55599fe62719dd72427504f08487541c0bf5826b7083d45fc117aa4845cdb772.png,2005,Die02,4
258,3d8b7078e49fe16606372b43cae78aad4a3b9968e6d54e1d18b72d9b5273816e.png,2005,Die03,5
259,e96c40f85a574c14e377afbca4f3060dbcad9f79037959c38a14844d741ee8b4.png,2005,Die03,4
260,084f5863f7ddd182348c8be3ee4849b4ffd7b10c7973faff4c4339b4a982e7a2.png,2005,Die03,4
261,af044b507ed1b71faea2bd9c9533574287bb956e91524756622c4f303a8b3cf4.png,2005,Die03,4
262,60e602d6a6a6cd66b0f091a54876d4ca1ff0d69bbfdf7f1eb17af1d53f724d2d.png,2005,Die03,4
263,85cf759bf991b17e2ff0daa942850fcbea765511ad30cbb04b7cbb201c2035db.png,2005,Die03,4
264,8a2ced28c110422c3ed32215277486e289181c67c74d50ab20aa5b6f7409f42f.png,2005,Die03,2
265,dcaa72062fe2802fc34deada0ad26117600590900419548f5a7b86eea259c4c0.png,2005,Die03,4
266,fa5d7042fba8dd15faf4ea04b900c5f0ef1f9764b1cf5463accc04833a51757c.png,2005,Die03,0
267,edf2c7fc6d38217e9257d5dfdc02639034ed4e67d572cfa89748eb67aec993b1.png,2005,Die03,2
268,37b219d8ec80e7baf37d292b61f210a35f78f6ad89f92df4f88a1b875d4b2b80.png,2005,Die03,4
269,fbc82e5e9e49f9c288071a617decbb7c36d67abcb823f4a3f9ea93b204169026.png,2005,Die03,4
270,b29bedae829a299c63b0bd7c200d2ca08d180cb619d0787c8e35eee4da281c2a.png,2005,Die03,4
271,b8c5bbf2cd1f33e6ab71e0807b28f1bdbf562fb4629be4d055c748fbabec62d5.png,2005,Die03,4
272,0840b3303a64b17d042c0edace4f905360d636822779e4c4c57d9d9fc96ced80.png,2005,Die03,4
273,775e64d209a6e9f3ec7a2ecd655b971fca97caefa95f807b34cf330c8ddfc551.png,2005,Die03,4
274,e183943335e8e496b95005bb1f99e9f0c91fc71a69e8d21b3cba1dcb5de0dda1.png,2005,Die03,4
275,f92a062548137f1d7864945c15ff7054674a6f294badbc8aed6786722ae44020.png,2005,Die03,2
276,6aadb26ca55907ce455bc150746da0b06fde722bfac1cf264e46f2eff59a4091.png,2005,Die03,4
277,a5c4793a9546d30350cf2d9491abf947161e3c16f4c77d648ce95f7d6cb8c0f2.png,2005,Die03,2
278,81c4e5ad2c6d9ddece4a8f7fd2d80e7cd60c7b8bfd06af587a5315a12c492bad.png,2005,Die03,4
279,82582edbad5ff9c848f4acc6564b80f4ee03f75f484c6369d4d1a207b4b80aa9.png,2005,Die03,6
280,710017465a0619f718accc7fa03122237b209296faf263d23f3a10ea49c769e1.png,2005,Die03,4
281,6ec2a048c29f2cf9956cc4800f355678b412f5d7d4ca261d64f0dffc19bf7249.png,2005,Die03,4
282,be0fce602f338ca630b9cad2d8d0c13440484c9e843ef30b41f914f990c3fccd.png,2005,Die03,4
283,362ecfe10db4a87165daa6b2fcfcd2393fb940a382496f5aca11ca47c4baf49e.png,2005,Die03,4
284,9e3be9af73d4adc3f07ae05eca5aa382cf1eff0b9320439366d382a31aa9d03b.png,2005,Die03,4
285,11419a45f510c68c47e5ebabf8e32ab01cad94ff0e3addfc8eb5b63e0c02dced.png,2005,Die03,4
286,e7603202268cfbabff2221b36a941b8b143c79b182b82d613d4f7e5aaa47cbec.png,2005,Die03,0
287,a2d67b89b4851027e27f2167217f7e58e7df5666d519504127d0d0c5b3c11abb.png,2005,Die03,4
288,e0b0f0e82ef92e280c23ac1893d1f70a20534403b2357ece269c5b8cd4c90946.png,2005,Die03,4
289,54287745d06aa15c8b332076b4347161f9ef2771717c00778b608d2922009649.png,2005,Die04,0
290,1c6073ff873ec47c96842410427ee501af9ccca8e20fe3004498a62be6bd8a98.png,2005,Die04,2
291,279ef014e0a2b83175659956f77a9765d3328e58f04880e2a306eb212d16e1f8.png,2005,Die04,2
292,7be93dcdbc8278bc0ad2bb3a36c853f5cd7fd7fcc33a513af91991bbbd2844e6.png,2005,Die04,4
293,b3553e694d92fbfddbcf5599c1e17e5ae02c6e39c89e4ee81f7aeb48616f4de6.png,2005,Die04,4
294,ac8513f1ef55ed8878ac32bbab503b6dff90970cd4af3d05c0c2b0982a60080e.png,2005,Die04,4
295,5b8e411212faab46f04f1db38e14b8976a597fe0d89b96bef209b5db436e2d58.png,2005,Die04,0
296,1b4cf54fafaa83acca7637df3e55d593fe37681ef47c0fe8589c7f6f5d3f0ff3.png,2005,Die04,0
297,0a907a26cc0febd19008453d53ad465306bbe3695fe0d9dc1ebc127b312d2633.png,2005,Die04,4
298,e26bac2d8b3e628a20ae51d4f4929bbf5761a78d6d02b1ab723219abd00c0c09.png,2005,Die04,4
299,289d505412c28ddcd0f0161d33249d84636388ed9912587917d777dd672e38e3.png,2005,Die04,4
300,bccd43dae09ca19d3119822ad4c1d267b6a472eb9b9868c2488dda88f7bceb8a.png,2005,Die04,4
301,ef80101c72a683a54562d6f85c5a0f4ed708bf975da2cdef95fe706cd6fd6d50.png,2005,Die04,4
302,47009dcb2ca764a999e96617045bf812f974b407488125ad4b6771bd1881c352.png,2005,Die04,4
303,3982f5950d8280b014a320cd3eef38e2bcc212cb8e37b601d992732ac1310764.png,2005,Die04,4
304,4d9cd4d4a277dcc25fe7b0f7578341952cc7026f787f69c67dac1d5b75acb9bd.png,2005,Die04,4
305,50418339c36616021b9f86c669970a3083f39f96c4e48b6f147c504ad0381d0c.png,2005,Die04,5
306,bb1d311e00dbf5dafbe10beb493eca5dd794fb32e554e346e55d6f99771a102a.png,2005,Die04,4
307,adba8348824c19318bfd3a57aae0523ba4c37be6b1344648aff1445cf09420fd.png,2005,Die04,4
308,29a6bb11589be8299c698df6f80ff7ab9195872f578adf2f38cf56895332677e.png,2005,Die04,4
309,e7c0662b8c6c521e202949119497aab9380633e186c1dcb7f4b3352db1fbfde7.png,2005,Die04,6
310,40c21b795a157c3c268b175610fb488aca446ece7a03704bd03f78b572f6e92e.png,2005,Die04,4
311,fdaab1db24a686938608a04296f41b4fff7fe84d5a62ce08d62cb4797cfdc300.png,2005,Die04,4
312,87827e653a141770c05fded29d12728e08463236fb1a9b1a9b276a97f9ab5033.png,2005,Die04,4
313,ec3c79940c64b06634a5efdce2370114482b660c38d3a37ae68e00826fd97750.png,2005,Die04,0
314,c4b5452d4bf0ffad9a85259fd8ed7e75c8ecd5d9fb2cb768576c36ca5849ce7b.png,2005,Die04,0
315,520cf51efffe3ae1c89f48df37dcaf58f33ee926f4693ad9179b5e3b9e02f9ed.png,2005,Die04,4
316,92124305f7a67ae8ce348114de799c6411a20f45238583d8672f40ffff12349b.png,2005,Die04,4
317,b03c2ec8e032cbd2b0075894f66cae12bc4c619758d82ca27d31715109975639.png,2005,Die04,0
318,7dbbf685dff6f27553426bea5dc37f44ba7cefdfc055ddc4bd416538586efc3b.png,2005,Die04,0
319,4cab662e87a7f69b88233f872b32282056b381ef7224700db02d0dd55d9e1521.png,2005,Die04,4
320,cddf7e6e1bc23a125e3a34e671bf3f54f0aafda0622e00e63c2918ce212a82ac.png,2005,Die04,0
321,4391e3863f162521f4ddd7879e518d6f44dbe3c8f52135a255ab238856ed23a5.png,2005,Die04,4
322,ebd65b6caefbed9a660f427b15acf732a466d4573edad2ecd62bc2448837486a.png,2005,Die04,4
323,2c5a6ecb5191842db10a4486da70e36747d56f4a8275fad6d803ab00f71f57e3.png,2005,Die04,4
324,e1e5e07bc3cc4c2a911b2ae4e7b30fc1184acad81bc2a736702a3c5545a56825.png,2005,Die04,4
325,76a71014eaaf503720975d1e17374dbc0af4a5d107f83a1ac142ccca8fb51e86.png,2005,Die04,0
326,65513a035904247d296571ca633e53df5ed14db9c745b341bb304997a09da9bc.png,2005,Die04,0
327,80d8369a5b38531b0fba1e614d1145af0c4636274dff8b88a8eb8abd1cb0d23d.png,2005,Die04,6
328,d7426c8249ee39ad7b904ce401293135d05d8c7ca439fb2edb3c69128d609322.png,2005,Die04,4
329,b3e91e6fd4275b50aae99820500619a71b4979137e7a0be84d975712df2b19ca.png,2005,Die04,4
330,a7a3f34b024cbdfe02d154599cc75e6d9dc8fbbef42c2cf22af6e313506c49a3.png,2005,Die04,4
331,59653a31c98f052933dbbed09a8694a499ff1a4a4ece2bc5599c1e7e68fff58e.png,2003,Die01,6
332,99866466f109c8c1eb536e718fee09565f5a4c480fdbcbd69457f29726caa011.png,2003,Die01,4
333,0f84c1ff0425491bd1fa5a2cbd187b7e6c4d48941b119574697debbc8c9a83d9.png,2003,Die01,4
334,e319a31be69c5db1e64c13f7536058943d924e2fd6df40c111b2a79deaaeeb38.png,2003,Die01,4
335,7a6f4c1010c0e4982bb347ee79a84dcceefa1f015f51190654f5396c2587fe70.png,2003,Die01,4
336,b3452e2fd1248621af95ad6a3def2e488281dd5d37c6182442debb71bad6f461.png,2003,Die01,4
337,261b274f8808cbf000cbdaa5bfebab4d703d2429ac1c58f99fe535531053109a.png,2003,Die01,4
338,260a65e75b0438c292edbdb2fa225c9fe0ef04a8de85fde966c60710c004f9a2.png,2003,Die01,2
339,89f615040a05fe401f3871a9dce0646d3b86a989391ab8bc412622890fa03cd1.png,2003,Die01,4
340,ee8125607cdf244be940a16a3cc32b42d53ff893a355aed8ae0c121746b6f179.png,2003,Die01,4
341,d4b1dbca0771e8b3e66659ac02c826d3e26a9f1473494fdbab7cd316aa8162f4.png,2003,Die01,4
342,038f60ea5c025bca6f0a6c0e4abd8e912636417c17ab58fe48de417c0943e8a2.png,2003,Die01,4
343,94c507042ea1523d9bec68be1169ea44c4b5752a858b0d07afe8c70433faf0c3.png,2003,Die01,4
344,8c365270686ecc907cf8cb84715930287636ed2fd686ae452b928a3bfdc2f959.png,2003,Die01,4
345,5a18004a045024d8450413717fd30bd7edba69832ee2b9290891d06920fd66f0.png,2003,Die01,4
346,0315108af2c10086e06dd068466f3157265dee8cfb85f7bd0cc01c6a40999d5d.png,2003,Die01,4
347,5c0b68a842cd5bc8a14a827d5a7213ddac60bcd17e45cee81107ca81699f4e8a.png,2003,Die01,0
348,55ffeff82c8deb8f2feaf37d148ea6cf9ea41e0d579198de1aaa6903fa509b77.png,2003,Die01,4
349,30c16a514c1ab6234efbc87459f123039fc8d65ef11071b2f412338c702be4d6.png,2003,Die01,2
350,627a6221d4c37f760feb33fca9b4d54ecaa6c1b1954e99df73d592682b53de56.png,2003,Die01,4
351,e463bc81273640f3ecd0dd96e73d3db82e5a39bf707cc49977a827fdd3429e47.png,2003,Die01,4
352,ab31a1e8ca39e99d43a77363a9117586879c2a41b6f2d1f96f102ccb745616af.png,2003,Die01,4
353,0c98577e11f2da4b0af6a9ef8c33c8ae05975ef4ce1157726ecc1b0308d65b73.png,2003,Die01,4
354,1ea9cff0dcc6dfcb2ccb1ca656332a0e4d04a50de501f8df7e62d9338dbd651b.png,2003,Die01,4
355,838d7d8f9d2fccecdcd631fb57c6abae5c49ac32842e1813e3c93e2c0fefe04f.png,2003,Die01,3
356,e3c7673275bca3d05bd4fbf134ab63002cbd85b6e761cdf738500caa751f03c1.png,2003,Die01,0
357,bd7c3a94e61ac0cdaf98dfc4307229674cfcf80b0193846fddb4b706645ad1df.png,2003,Die01,4
358,624c688c21d8d5fed537dc26b189effe28782d19ef6f2e65032b9cd75d4973ab.png,2003,Die01,3
359,89199f439d07eece5d665bc5c47a30c01948e15a609e513a358301793ae927c0.png,2003,Die01,3
360,8855d464b63547b4aabb4a3ebc5ea342ce2bd05e1029c98585a4260d918a11ae.png,2003,Die01,6
361,35a2a5f9940702e965761e841e5d417e81d580ca4cad51937496e144d483e1f2.png,2003,Die01,2
362,13aeadb03abc8f58409d044cdc3f730ff04fa57e27cc441417c4e8751082f591.png,2003,Die01,4
363,34c53a5acbf83d63ef1b424f3ed35f5b8ec1346d22526aacf65fcd281a9374b4.png,2003,Die01,4
364,e81438c7ac940ede129bd6ac359563d7e10686961d561da2f41beb9059288998.png,2003,Die01,0
365,df12213bf69ae634b70e2312d0d5e3b09db5d570b628f06f018f29705c73886c.png,2003,Die01,3
366,ffb451a73bdbe9e75ef51ee2543653ac2b60fbbfc8cd14ee5fca4d424f06fc9a.png,2003,Die01,0
367,625ec5c90fbc59b41305742e8bc99ba0dc4f5b2edd1dec8a87e57a7b8920207e.png,2003,Die02,4
368,72c53444e1f247fae118eca1579591b98bfda34d1b4e542f585d39e6fb79765a.png,2003,Die02,4
369,8a835f5323eb8a374b62b2454bb648acaebc421f1effccbb2b658d3e9d19d7a2.png,2003,Die02,4
370,323d30dec6e810e22c950013a9493d9936d2a30409dc12896cbcf7bbb8612dc0.png,2003,Die02,4
371,7340dd93f4d4261a3ee000728829f9fc69e61dc7eaa127f76ad20ddd132bc380.png,2003,Die02,3
372,37018a6d29204140ae243b0deeb85f14eafb0ce184c0f5ec85af1a2865772fcb.png,2003,Die02,0
373,fb9c4ed679249e950f25671686af022be971bc6c607de7c4e4eae656aae9783a.png,2003,Die02,4
374,3eacecc2007f3ee0f137989a39e760a8b2bfaaf8195054e9f24b96f8bede7349.png,2003,Die02,6
375,ae43f7c8704e13481f826fb4484cba3af1bcad3bd9c6f2c37b1542f18c4290ae.png,2003,Die02,4
376,485d21871ee4ad396221fefb03d3139d4b16dd65b76d84c7ddc4cf20add2e8b5.png,2003,Die02,4
377,eaa8c0bf96dcadd1cb1b2b7558c08ba3834015e4975d56ef4f5f81486de9ee62.png,2003,Die02,4
378,f03739c4815839f8e082d5076850d2c50e2175683a7ca2df7650931f8f615a03.png,2003,Die02,4
379,9289527db9cb23c1a66dc8b1ca4f5eee212421f95b5aca3b6d301674600c8801.png,2003,Die02,0
380,9578d1772e30c4cad41563c2ec0e9e28e84222ae2b3f4cea5935b38eb0e44ac0.png,2003,Die02,4
381,46f4b16aa4459b0f6c7a2d12071ecbf9569ff16da324e3e1fbeca9743c7a297a.png,2003,Die02,0
382,31918d3122880fa7f9eedc1e30b476c596d4ace92cd948abac1a46ee5bfb8582.png,2003,Die02,4
383,55e13a14918d3deee7a2a6931e5ef927774e93d634df4d1c665253d5578c8d28.png,2003,Die02,4
384,a4a2e6cf5bf71257a09793a6571ba6db3470c366b95d505c67376f4edb9cbf4b.png,2003,Die02,3
385,868a5653f41bdc4bc99ef565424c58125a82e218eb64cd338b522d44850623cb.png,2003,Die02,4
386,8a3fad2e8d6f79218692175436b9e57a7da1fc3b438a3d0b3cb256548274f72d.png,2003,Die02,4
387,731c4570d250d7e067f31eea5f99064256832e75e7990e4c19181bfcfa344cdb.png,2003,Die02,2
388,313f3dd31d775e4f00328e4a6159df54392ea6f4b78d57e166e18ae86d9112ac.png,2003,Die02,4
389,23d16519524e92f1d0d399bec047c37f2c605b9567c6bd421bcef1228acb9a75.png,2003,Die02,4
390,852ad1e97f547553ce7eff1cf3fc585e3e01ec0d04b1b9c4bece5cddb44c9933.png,2003,Die02,4
391,b2c8d0dcc33455606143b563e12d0400630aa5fa88d44e80b725f4dfe43c2ca7.png,2003,Die03,4
392,84b4e55e90c24444c0fead34213ba5ad65eeb345067d8b6316a74b22056e6a3a.png,2003,Die03,4
393,2fac112f67c36d5a93e0c7156c95054f80bb5291d8736f697cd97222047a17ed.png,2003,Die03,4
394,b1bba5a9bf4d1e7d2c8813b5be559acc5f5c6fc4575a871202e09a238fd03077.png,2003,Die03,4
395,004acab8e86eced72f6aa676c83f58620365b249affa2b71c9df484e0d622f1f.png,2003,Die03,0
396,63bbb5d894d918bbdab70fc9e9bc2f0cbb1b4a16e379db2d1ab29856525a7a9e.png,2003,Die03,4
397,81e7790e7b908e0e6c166532025c48da93e1ee31effc2b800dc788cef9a307f8.png,2003,Die03,0
398,eaa0a7b484d83a1dc47a1d45288dcf870f8a714620f50e7632f6351775e4a9b6.png,2003,Die03,4
399,d47acfe81ac13e2805d7979b565a623e43893040e8a3195970c44e12cf3430fa.png,2003,Die03,4
400,776c53157f0c103add14f36f95748c96e093a808ee60da8404b57942deb64f3f.png,2003,Die03,4
401,3f5c99ecf6781187ddba2657517c93f3d7a32be52022fddfd45f56ba6416649d.png,2003,Die03,2
402,9253f07b6e48de2962259c3dfdeebf80c69a3dfa864ef33189f01d4c9e4eb3ec.png,2003,Die03,0
403,f36630c3ff5b029a45809cc98720b9d72100f465b1d745473fafd3d3f2085a85.png,2003,Die03,4
404,0e57fdd2d03ba13ce326269575ef636c54c5f4a43b1026018ab54a006ecdc7ac.png,2003,Die03,4
405,6b81ac805f107ac25c68431d300472e4bef16ecd9f8109d7d20abd034949ecf3.png,2003,Die03,4
406,617d3372078c5a2043cd247eef601bbf65736ddabce00c26ec08bcb350a55033.png,2003,Die03,0
407,515fd8c0525be86c20ae847d560df2e35ec42637cb175ae74790ee47b3df7d01.png,2003,Die03,4
408,1213d879a5dff36161206ffb51530b49c301e41f8c33caf8315d0ff34376ddc5.png,2003,Die03,4
409,e209efbf7a4eca86e629f0f452d98907deff5817b3bea5bccd95b0a65dbc62fc.png,2003,Die03,4
410,987675d4acf9ea322ec9abd52b0c0b66c0586c3dea77e4bdc63073d5206e54aa.png,2003,Die03,4
411,be3e74c91db040ecea5f427f2e1935081058b9672850e67e3de287922644776f.png,2003,Die03,4
412,db8ceeadbffb510d01b0c2761fca63cea7cc776104ee4ce5e26f0f6e614ba7fb.png,2003,Die03,3
413,86561e5fa2717ffdfda95ee7944fd69af97fb6a93caa95e8068ee19727760f0b.png,2003,Die03,4
414,6697a4a736fe8f68841ba9a6db010de0def4a1b5c7d5e76c636692d87a82a765.png,2003,Die03,4
415,3ea0150bc595099d5ccfc2b3490a0b42e6a73a9f88d85851ac7c2acec3a6754e.png,2003,Die03,4
416,b73d55a3194b0f959bc7d2b875072c2fcc3d963cae6fb00c35900705dee4a2ae.png,2003,Die03,3
417,9a2ad39176ec9535d972c8af41e791767084ac5dc5f9faefd8dc16e1392de945.png,2003,Die03,4
418,c448949587e9b7dc2fc2023a3d91ebc809d72726401888b76f4c27bc4f5b19a4.png,2003,Die03,4
419,dd1b166676a76102e48de32cc2dedf00db0682a2d22dc79b72f546b015a025f1.png,2003,Die03,4
420,c2ccdff59e3e242836ba6231161cd14cef33e074976c44b2ead429c8a7cf55a2.png,2003,Die03,4
421,2fa2013d9f771e5e0033561bd1e5bbd34a5b256b2c1b654c529554b2510b5a9f.png,2003,Die03,4
422,60e4fa3a7a9b429918a80a3bf920a2f4df6bbdefa2e53fb9c0b9588cd395dd12.png,2003,Die03,4
423,670fe34909a9b943ba87daa81d70c53c6b36b4aba95c52a10ebadf3317323c25.png,2003,Die03,4
424,9030f4446b02deede4d6bdca9f63133918a202493d55fc44daa9b9a68e375291.png,2003,Die03,4
425,062df9fd203b2a282b46cc6e67b4648761fc9724aab43da8d8f58e25ec576672.png,2003,Die03,4
426,85baf43711651e8bd8b1e223f4820f6e34c212c4e8a7472fd67c22ac21a16a50.png,2003,Die03,4
427,5a43fef821bf21d2aa96c45722e935d684655a820e4c3d9888d136414c1ae13b.png,2003,Die03,0
428,e085e55811d054049dfc83247386bcd2a2c07261fd7b1e31ab1b67df119e1f5e.png,2003,Die03,5
429,c9091a7cb49ae7be8db85976ba9a800bbce369c8698fd004f8474d44d7442bfb.png,2003,Die03,4
430,0a8af7697435334b1208a389b24197712192fbab53a7bdf400bcd39f95015d7a.png,2003,Die03,4
431,cf5d05617fdc63465e748073b972a7a19a48b0af6d3e5317630bc8c1b2f72fcc.png,2003,Die03,4
432,5db6e07f24c8d25463e2a2398fd6363a6f943dea3cd823446db247b0cc84712c.png,2003,Die03,0
433,a6faf09807a6adcde882341ecc84d75054139d48fdcb18009936c0c29080c924.png,2003,Die03,4
434,a491c7a3a3f8fe4bf00d571b6464432395d65201b308b8158e700e7492ef5f66.png,2003,Die03,4
435,ff64f596a10691fa70f1385bb95cd180fcd5e23ae2b97103132c10bb846aeb50.png,2003,Die03,0
436,a0072adb899c0a24a4a78806e9cb39b7a22c3ce0a18902be0a8d868d4877f6a3.png,2003,Die03,4
437,a2b63b2eceaf79f41ee913a6f0e6b1c59ed6b31c7c9f2a3cca8276bafe7bde9f.png,2003,Die03,4
438,683925b4b37f4d4496cbe945494ef77d5ab0e7dbe66816ab4365d6d598629dfa.png,2003,Die03,0
439,b078228c1dd6d9b7ce4aa6d3f1a0414871f22a296bfe38824e4bc0ac5e80c94d.png,2003,Die04,0
440,fe9cce722af53f920762113f71a1ccff795fbab3dcbf4aa2c92e124f42ad10ad.png,2003,Die04,4
441,ccef30675fa592ed026b45fb2529bed04f8a419948768146238af0988a325a54.png,2003,Die04,4
442,a81810589c98e50766847d57217bb0f4c1d7fcaf1a8f80dcf815025c86f13aea.png,2003,Die04,4
443,8e1e14184454caeab20a0997f117691e76a95b2df4bc1f4eb4873457d046a5e9.png,2003,Die04,0
444,575a0be6e3b62a5654b9726fb4c8267b5a67c4b6bbcfe60380bcb5ab5465a07e.png,2003,Die04,4
445,e0e421dc83b6326121560333ed9cc96af1c12a4a85e4313dd74d201dc95ef57d.png,2003,Die04,4
446,99149c6565c005758cd531ace5c2e88260d694f18788f4da014696280bef2222.png,2003,Die04,4
447,2c9bfbc859677dba4423f5d66275198c5044c9f03f7b712ee5f59b07ce1ee5cc.png,2003,Die04,0
448,8a720398130f84d5dcc9f4926489765898fef9246bfe370cd35bd01bc0e2dcbc.png,2003,Die04,4
449,3c22da2cb29650e37b77993cd6e25561974f83642dc595c979ba1e05f834a8ef.png,2003,Die04,5
450,b9cc83637e8337e4e94d48293774ff465135848e36fed42a82ce6f6a339cd522.png,2003,Die04,2
451,1427678492e473be70325deccc9906d065c2062a67461e66158ba8a86f3f6fc4.png,2003,Die04,4
452,eb2740b327e102bf9f4ea35d085ba399c2ea9ca9fe0d7d8b993df9b1c43baea6.png,2003,Die04,0
453,b4c67bd0aed3d3e71e67f0a106e0219b64b623ed6a3f9fd4ec5130875cbf8bd0.png,2003,Die04,4
454,9a764ed3bb10bed0b5b756a21962cba8212ca3465161f7572764579f4cbfe53a.png,2003,Die04,2
455,62b994a44768473b8429d73948709de4cc680a9b52e635480bdae9dd6a055618.png,2003,Die04,4
456,a4927019d620792352fb0526b614bf0981410b08ef70efe393467d521031c418.png,2003,Die04,4
457,9cf64250b1d5d8e1fcba0d93c54d75925d3a6aa16f8ba54c11c015b012d847f5.png,2003,Die04,2
458,81d3bf366fc6f00a114c46090e084f3d43e8fdd9b8760a8f57341ee0c549d313.png,2003,Die04,5
459,8eadb4be2cee03fbd8622fa6f17b3a7413bea00901123c3b432ad6c2c0761ba0.png,2003,Die04,0
460,edc594dd4fa75273a37b78544f6b09a02ac487a17a94eb6718268f53f81a6dc9.png,2005,Die01,4
461,41fb6489e1c0e2f2f6201a8c831cf8f1d822993bc9683a60b7c1139861d4e0af.png,2005,Die01,0
462,8b7f972bbb85f9f3ef31adb44e049751a84958c7b27e744ff4e9706ff401098a.png,2005,Die01,0
463,61d9b78df49daba68c2435d32c2991b109df72204f293722eb33a646946722b2.png,2005,Die01,0
464,f337e60649c856205e49b94686c2c2eea2ca1d89cdf5a85a7ab34d265cf26013.png,2005,Die01,4
465,723205e8a1dfa10afb59d2676594eca9455b36de21bb0d41d6260ec4f7235d77.png,2005,Die01,6
466,6e9ed895a07abc0687b4b2622741fcf682b5e092ff8904cab98c02608258f25e.png,2005,Die01,0
467,9cc6bdd532976a97d0c3501d32f127cd50efb3373842dc29c085fc51af5dea16.png,2005,Die01,0
468,6af2eac73ace2bb1eb4b12625fabe5605aa54771e2280a8a8ac9ac5228787a71.png,2005,Die01,2
469,d97aacf9868d3266e25afee52671946715b714cd5393ca2baabe13259f6c9c55.png,2005,Die01,5
470,5870f2b9a35c579565a3ffdfafb4653efb02f88c530e2381b2a976c00250ddde.png,2005,Die01,0
471,0cd52829447c0db9a1bd6b9f1a25ed219aab10656f985bdacf9ac69d3df7f46a.png,2005,Die01,4
472,55166fcf914352305706df6c2fc94884727d34e2cbb4b12f525d8c1ad3c87407.png,2005,Die01,4
473,5fe61b7f32dbf9b63bf613b7612cbdc4896d4c471843c006d041084200593667.png,2005,Die01,2
474,2a7187808be28e0e910e900deca823788b0bde82b46ed651ce37de954195b0d6.png,2005,Die01,4
475,9ca8811e115cef94c7f68b32683c08f1cfdc11da10da9edceb97608ccfb2960c.png,2005,Die01,6
476,a8d703d82528cabcbe90632379b2dadcabe53a5df0be0bfe4db668d6162dee1e.png,2005,Die01,3
477,4b5f51fe5d888b5c96510f1ba05a60f91dbeca42afc0461b566acefd0ca39fa1.png,2005,Die01,4
478,70605d81d2247a546f090614a6f3b235e7fa4b5724871f47c832191c3bc0227c.png,2005,Die01,4
479,611f9800868d64b35740422e2a01bb4381f26c8b8f24fd731b008ceeb09be05c.png,2005,Die01,4
480,6361876656c57df3dcfd07a3f4ec57a4b0cb36a1a4c51bc3cdf3396ac79c3d45.png,2005,Die01,4
481,512e6ee4349f29be0c59498ffa2474c62ca2ab0b7e86c807794ccbf1d50e3f91.png,2005,Die01,4
482,ab2291cab5a77f5bc9ed69aec93c5d495ba5f46f2b2c457febc369ca9dea2641.png,2005,Die01,0
483,dcd93ccafa9151f552a5186adc2b3acdbfbfb31fc0e74618a10709194465ea90.png,2005,Die01,0
484,85762a61406cd837b8c3a78e7870c3d0ff2eca611e2992b40676149636f5286b.png,2005,Die01,4
485,7dab0da66b3078700775bf693f17a99cc3c4eae8ccac98002e7acd4880235d11.png,2005,Die01,4
486,3546a47932c0d89cfef923821ba5fb5c1e8876391d7ce1b78d3bcf0ac5f41410.png,2005,Die01,2
487,7ef79614be93fe06b60c70b5d4197b1058854c4b68a1f07c5184cd6edc720130.png,2005,Die01,4
488,52066840036b8e80e7f913fd0921ea5dfb1378c3fbc6dd8e37d29691b18b59e7.png,2005,Die01,4
489,3fd88aa87988f67f43dbe1438542667684b7f49d0bea9938ece6270e1f285f49.png,2005,Die01,1
490,de65b8843d8113597dd5e78d2aafcbc10f73d48d01be9e444d7b0f8aa2d6ee8e.png,2005,Die01,4
491,6d92b4bc7045add5b8d2d1bd36a2662974f5c94d36898f661fdd5f7c572e3251.png,2005,Die01,4
492,87398fd4f410c2a835ee54e79df6935ffa9a8f49248d548b0c4824e513e68e93.png,2005,Die01,2
493,40efc4439e28d43ee314642c36c4b1b87a2c0b7d154828097d09c58b5e888b26.png,2005,Die01,4
494,e03f6be608c0d5f4ab30e1cccf4f510aace647a287f22369cddc70c60c84513c.png,2005,Die01,0
495,2ac60266046482b111e33ff2bf0615a68041ae1c8fe4730aafc6cefe61a10480.png,2005,Die01,4
496,2d675b1c7ec7b8c66a1baf6a6b5acbaeee3340552014337e7d5c0c1c0909878e.png,2005,Die01,4
497,4b159f54212049741e988abcd0c3d2efd18a579ba7ce17b2d142ec5b05c42539.png,2005,Die02,0
498,2311771fe7a2c74d98faf6934469745672a872cff76342f5144a20b842d358a3.png,2005,Die02,4
499,ba7fec01bfa3dbefd42684162173d2ebb6bdb4d53ed0b66c2290f71dd203dc48.png,2005,Die02,6
500,5cae7ce85176c9bfce9a9e1e927a834f1703eed50e4a76af9713d1c8425c473e.png,2005,Die02,4
501,944a2effab6b529a1d85dc51df5f00fc52031f25c925c033d848ae8e3334207f.png,2005,Die02,4
502,ef7a0709ec7aebb87d29dc3fe5126c0cba6cbc6db562679b87b5c434e8d1d2df.png,2005,Die02,4
503,905dae852ef001ff7bbd61bbc2a10a461121286b9d82b7a0445374f664cec1c5.png,2005,Die02,0
504,e7981505d77a0cb505d42e0007a92a4ac17bd9a7bd335469953a464402ff47cd.png,2005,Die02,4
505,240038dd9eb209999db364480141b931380eff8f1c99e8b04304dd79a69d4737.png,2005,Die02,4
506,11d8a0afd565998797fc2fa9a1907694ecf5b2584bc36a5980fe5a14871ba517.png,2005,Die02,2
507,1a8c0c921ab4918f0029cd08e83ce31e271d6587e2037201a94a8e48a2c569ad.png,2005,Die02,4
508,a78e48a16c4059c097570dfb3dedbdbb3542a6f899b980f4c6b81e0a05edfeba.png,2005,Die02,4
509,ab1e4eb180eb47e4f1bd5878cb45b04e636720f79af387e284ce1554be7974b5.png,2005,Die02,4
510,719c80aaf5dc705e6005a042eba5ae8ca6d6533d075336ab45a0d64b85b64ee1.png,2005,Die02,4
511,83fa15eb1cc45e35c9420dd87e0f5787af31d2deabe0bcc600c2207a1c66d5df.png,2005,Die02,4
512,7f212d97555a629d6a907a2a15c8ce52a06fe285e667eb078750bdbd231919b6.png,2005,Die02,4
513,48ab0456090554a52a395ee560e261df40b33ee3143a54693d6179c7100ae2c8.png,2005,Die02,4
514,654e760f34c73f82e3f5c163a6e0b644fce85630ee19b5d739ced2221a20afc5.png,2005,Die02,4
515,7acd90820e0b48b54898bcf762782be6a217a950bbbf9959466ad04a16e83d53.png,2005,Die02,4
516,b55c895092bed93a9475f1f08e6055507b26c9110cdacc3ea832caec20aa7431.png,2005,Die02,3
517,c34341d410feaba7d7ae97587892a061042156ad960f7b460958b68badfc061e.png,2005,Die02,4
518,f6317409d4564c30e8ab43c36346bc921172e312bb33c868dcde12b3e18b19ce.png,2005,Die02,4
519,b21430e526c40313b0985a946860d73effed3ccd391cb88a7c67f9f2d535c22c.png,2005,Die03,0
520,f6266ef022bae7b89fe33e1730c0be5bd7ff9990739bab3c87a348b3cb607fe2.png,2005,Die03,4
521,dab5d079262cd76ab30fa7196ca2ed973a01568125e7a6c611ee11563fb3ace4.png,2005,Die03,4
522,0eb5e71274002894378564d9b684af7fd0fa939c4cea10d46f1ccc9abf1b5b6b.png,2005,Die03,6
523,a6f401630503a714b8bf2d66723dc9f7a847f747324c620ae80947254683b0f4.png,2005,Die03,4
524,687d28950337f8d5d45f336e43a2bc81a4b054ae47f4e8e8c8a980bbef3ee362.png,2005,Die03,4
525,fcd9e5d3897dc0d299c0ba1875a69993ffa102c9e60fbff8859c7126690f62e9.png,2005,Die03,4
526,abc0c9c8f71487390523907cf7f5131f3c4cba9096c56a6183b653d1cdef9262.png,2005,Die03,4
527,75df0a5c1e53f66a687c326b139cec3663d7bfe1f785ae539164b679ba4350f3.png,2005,Die03,4
528,858247af39471a7f0a5f4e2b4657f02bd67861ccef56dac82835d714a6ebacb4.png,2005,Die03,4
529,4a25fd4f85a29533f2be7e6601391eaee23c1b0abfc70c64ec0e003800383a35.png,2005,Die03,3
530,a2f2a42e9c2702d196afedae47f3e8d071e31de442cac9df3f1850b9c1b851aa.png,2005,Die03,4
531,aa27b39c9cea631d3688ac4c10f7cd6a2da06e646fca2351359efb259b97b6c7.png,2005,Die03,4
532,623ebf63601477b58cfdb13009f276fac528530a656a4182b385fa9c7c77ad46.png,2005,Die03,4
533,8b6fcf806863d5eeac47d6c273068cd34c0bdaf920194d2a267eeb690d3399fd.png,2005,Die03,5
534,e3eea15de866e95f598637a7b3e83b14cb205ee9f96cf8e0b5f7de2558f16f1c.png,2005,Die03,4
535,8c7e71b90f2f963987d32a869ddc44acd8e47370bb4f1200f993ef8d00a2658a.png,2005,Die03,0
536,66b06819ad234fe33855a3ec40f49b750e06a1fa8515e96de85df47483e47e5b.png,2005,Die03,0
537,3e005942dc65629d34ca657cae985578371f816f05cca5bc681d495833a4dd9c.png,2005,Die03,4
538,5faae18ed29b99f7cc404cc3525e1bab0489ba4ca889ee219e008e77fda42169.png,2005,Die03,4
539,cc5cc6f7be931bcea021598c067ba8267beeaca625551032ba2615bed4205222.png,2005,Die03,0
540,2ebccfaff087b8bf20f2c6175b70d773d2023528c27ff7e8bb86781382a2b7ec.png,2005,Die03,4
541,18879d82af7fe2b51035ff359a35ff6ed30a5cc17a3cea64cf051158c5c52820.png,2005,Die03,4
542,568c5038a7342f3ef9c8ab86c12c643c9488a4f960aa9a7e66ad6b43a28b904a.png,2005,Die03,4
543,8d4cf9145e72c486c156ea7e743fb1d8082ef92bede019ac1e59fe992951300f.png,2005,Die03,2
544,89aa01a965b881cd8278c879339e9d665d00a907822d65b759559d747fdca501.png,2005,Die03,4
545,a2240801f75799ad228b8a450c8d02820f786347ce274313b90ba13858a872fe.png,2005,Die03,4
546,ccba43f982833251438437553e2cc361f3787918e76b745e607928f7798a7bfe.png,2005,Die03,4
547,8bc5092f8fb249bc3d8544047ea7e7a4c9f3bc9bc03799ede7359449c163eb36.png,2005,Die03,4
548,6a6c23b3a51f3af1c5d32d053dcaea866b1151d25a9af109391d1d38ebda9ba2.png,2005,Die03,4
549,77a92b412b92956172da409043f063a5e1ad88d149fa579ceef500ffdfc4bc0d.png,2005,Die03,4
550,134b6dff02c8fbe89816111ac7fe19b7baeb83a8f8600662ada712ad4f56c5d1.png,2005,Die03,4
551,bb90c0899cea2fda08674da03f4d73091dad38581cd9fb0fe72efdfcee70f6be.png,2005,Die03,2
552,74588ee4616dceabf8ac04839312b678b7d03728391a4283a0eadf91eb515814.png,2005,Die03,2
553,c26b6c92d2f66028c088c38aafa1dd2f51aa2f5df73b01b531e952bcba0a5d25.png,2005,Die03,4
554,a28261516548eb02429eb5c845446f6c032b40bb7d701962576538f5c31b3ab1.png,2005,Die03,4
555,bad2639533eb23d5b484555bdbedf20d1f8b73729cf16a88b65b5962191c7c86.png,2005,Die03,6
556,b0eb276d55d25c76c550a0c3b60b8b234d98d82b5d4f6be305e47a3a330eaa81.png,2005,Die03,4
557,7191ed1d61ac1184dab3765542cbd905c08ecedbc62551adbfcf8afb7b69f776.png,2005,Die03,4
558,6218ca93186716306b0f5ec66d8a6c2cdbecfe4694e6a0a9ec632a70f8114aea.png,2005,Die03,4
559,6588cf752acf2c396e9db30a94f83ef26148c740db8d1067a53bcd47eab2e558.png,2005,Die03,4
560,55edd48ba5447af1cd600de93be0e396d5ed34262188517db011d5d344a0ab55.png,2005,Die03,4
561,6fe6333728cb862f70cbc74f58dc2badd43ba5aeaeebc832c117f31cf360f967.png,2005,Die03,4
562,7c529a375c6f78f390cf72ab5551b7e4924bea865faa9957a6a5dd92a1423796.png,2005,Die03,4
563,df07a549906086015d5812fef27f7c55ebc281348250b032ffc6dbc4bc9df701.png,2005,Die03,6
564,128af294dfdce7b3e248ba51a94e179e8614d9b7fffa60bff824c032df5d4492.png,2005,Die04,4
565,5435f78448b24a29cf145f8ad4ebb33c888a2d518c94623fc750a50a96ab7050.png,2005,Die04,0
566,6a78aa5c3c6f25afaf54c9b7f66c552b74ed45a471610ac744fbaba8aaed6a17.png,2005,Die04,6
567,e4cb8265a658bd78a533957ec2c402a2ebbeeeee64b27dec11ceb7f5465213cf.png,2005,Die04,4
568,1dfcd8230029cfaf1f022fd85d31894bf19e27d9446c34dd55f855307df89819.png,2005,Die04,4
569,660c6f7aad0db5e8112629b4317f89114598dac417149c67e52ba38a615e4950.png,2005,Die04,0
570,f7e3348b5bbb0894f78e391848724e4b0e9e0ea4a972e43c380a742c41ce6ccf.png,2005,Die04,4
571,0368c06b128c42836b7931e3603b1a4d70812b9c18d5f6d73c3a8ebd0da9feb3.png,2005,Die04,4
572,2a6811773c6c2a99edb4f90491a98a9b6525ff67c21aa97138d53294eebc153b.png,2005,Die04,4
573,0b8ff38f908335f415940a5d60e655ae634b090610e77eb8e7c5d054fffc4ecc.png,2005,Die04,4
574,d311d8b46e4f256a02913abad815ec96d7f20284145d0ecad6497062a60815c5.png,2005,Die04,4
575,566acb9ac9dff34ea3fcad86bcc13680295db6f8a5c76278a03d0ae47164ca5a.png,2005,Die04,4
576,214faf9942c9c6801df7bc5f0f5775a680645b9afc8f8d58aef243a6148380f5.png,2005,Die04,4
577,ec1b97d07a054aa420b951302c8997087728c12b858d7f7a8e6e775d496a9447.png,2005,Die04,4
578,cb2ee07e3969eb12a3149395f0034f7c285d4aa6d9f6fb38fbc83ae9ab9a6499.png,2005,Die04,4
579,31a29f70087d2857205d7cbd6e9a6e4d02ef0aee80b00960ca3e210f44f3b8ca.png,2005,Die04,4
580,3c6f0cb3fc989cd9b4df5bc4c22e46af9da0d245e05602ea241d3123249a8ee0.png,2005,Die04,4
581,da19ed3a4f552084e9d327543e3f8835b2ef3be3625cfa8740a9d6ecb40d66fa.png,2005,Die04,4
582,be3ce68253468aca32d69c6213e64d42d61386205f6528ec3563d00d1d0dfe39.png,2005,Die04,0
583,b2fb28da73ab2379f38e095bc7d7e98febdf0046a53472fece95055c2d37390e.png,2005,Die04,4
584,efb1f7dbdb0afffc4235fb68ca8b1b3ccfd3d06cffb8f031bc09539d54115136.png,2005,Die04,5
585,23739c9050fbc8720b52ad2eb273f141af7e206c68c71512ebe9cdfae13a2f10.png,2003,Die02,2
586,b851384db328da28ddc34a9a0b0295e80de060681e5150a5d661a61bbeff43ad.png,2003,Die02,4
587,d84eef5ff779dcb67aa6deb352264e6f6a1e0140cb2e878cd4736fb399887465.png,2003,Die02,0
588,f2536f68b684478eb7cca6ca472deb684cac54f44685d6857bb0ec79c029c3bd.png,2003,Die02,4
589,719e644be164c3026a266041d877bd9876dd81c00c3a8b1a59504bcae43ed9cd.png,2003,Die02,4
590,086fc3f71b1d5fc1853b3ce574fe74961b7e9146dab2110cfa3acb4dcf1da304.png,2003,Die02,4
591,e6172ed89e343e1e0c5116674b80d79291f9fe84cf0ae93b1cdf8314a1ee212c.png,2003,Die02,4
592,b5ea52b78985d0bf0d4d0579cfbc06762365b86bbec814b78bd479b46583fe98.png,2003,Die02,4
593,9a4bb22a9222f0c175f2fbfe4a7951e83216db3e7f377f0071f185533cf62142.png,2003,Die02,4
594,285c96ee2030d904a655772b0c1d9b9fedeb296a9d2c091fd42d2103fcaf3ff5.png,2003,Die02,0
595,5cf8e99b3a616f5389e62f87f2ceb9ccffc3c71a0c6efb22b13a86ee9ce22fca.png,2003,Die02,4
596,6614f3eacbd39730df0ebad1203b8fdd63370b299e254a9afcb0bb8b8c27a6ff.png,2003,Die02,4
597,3e01848120d32cccdf5aad941eeaf74d760487e224c9ede972c94b142083adf7.png,2003,Die02,0
598,6c0d9d5de806ea7204443d1755a6959d7895d4d5d557ef08774a06918816decc.png,2003,Die02,4
599,0a19b65afc4c22d8f000ea460bf24e9072a4a627837df5ba358062e4523fcde8.png,2003,Die02,0
600,1611ccd3a91e6fb76e15839a52b5318c61249d27d15629becb007689a0dbdc8b.png,2003,Die02,4
601,cc3715a4808ad3931d0ec569dba434e94cc8549f0de6bf2d5a49bd4019c189d2.png,2003,Die02,2
602,87ee096c70a948299a538da2930270b9aaf4a9e9c6a9739fbcf4d95c6634fa7d.png,2003,Die02,2
603,f201d60fd78ac8c6663d330d298e6bf84c876214ef969fb69a46803fa81c8df6.png,2003,Die02,4
604,e4410de590bf964313a10024b801c65e7def647aec000efebf3312fc0054e81c.png,2003,Die02,4
605,79e98b64a81728f7f64fbf1538f933a4fa28d2cfc1c8335a3952ff1ab5587c98.png,2003,Die02,4
606,a38e2bc579c1100ccb54d1fd905211b906d90e6faf8ec5af5d00d66a28a84770.png,2003,Die02,4
607,071a0a80d52b52ec154706ce3bd44e5720c89228c472edbfeee90dc74f041ef5.png,2003,Die02,4
608,1fa65ac663a885744b0e4d487f0490dbcb32ae6608e5297e9f51df6494e547de.png,2003,Die02,4
609,f5c865c924adb4677c2ecba84e92057c7bf8d8c61ea3cb0b4e4f5268729add08.png,2003,Die02,4
610,5ee9c38307bb42f11b1cf482b49d38a6469508a58a92a5554caee04345d733a8.png,2003,Die02,4
611,bc0a59913b7020b2b4e0c569e3e603dd2cce2436146412d8511bba0f879e8879.png,2003,Die02,6
612,c054a688282c88e154a4355b4dbe3e14d19c32a78fcac117ec0de9cc7c0f5db5.png,2003,Die02,0
613,9dd895a48c215f692df24435f79b14028c88d015e4357384ff2fce263b3c7e91.png,2003,Die02,4
614,b9c67a746e7fa290f416eeb0dac25c1944c131809b175cc0362978292ec78212.png,2003,Die02,4
615,f38301d8409a286405fa6cdf0c83f0c94667a9f637397807f97fd96626b89bf2.png,2003,Die02,4
616,9903901065a6471bc7e3d1d2a988cf98c5961a1721545568160e4b28cf131625.png,2003,Die02,4
617,a35eea4ad2c9926682a942d9abf01a835120b17ec145f85208f12f69ac31c188.png,2003,Die02,4
618,83a07e21c3f8706c8800c6c043adc7cd1e5e45eb090fc85479777eb555fcdd1a.png,2003,Die02,4
619,4338be4103e682cb60ee5519ca80489978837cc306a9ec1e75ed8d9c17c438d2.png,2003,Die02,6
620,6564cf4de7bf20ce7f2d1a66a9f4c4991c5383067c6c4a030b6c402daaf63bd3.png,2003,Die02,4
621,5cfb2f6c071a8057c4771ad5ca245dda0bcc3560b3cd2613cdb0fb539810be1d.png,2003,Die03,4
622,04c59d9a6fb9de18e9829c6a59468065f74829bf63e04aa78b5b3a4d64a51900.png,2003,Die03,4
623,fcdd3dc7eb65d42a8841f49359837b6d6ffbf78ce808cd7d745ac19bdeb060aa.png,2003,Die03,5
624,1bfb95b48052b8ae8c08c027fa6cb73fa322ec7c1374b450d742702c07394962.png,2003,Die03,4
625,4704e215c173e8373ed039faaa206a948a9cb15d7ac504a2babc72cf634c2c83.png,2003,Die03,4
626,6290600a0fc96e43eb3c1d3970c0dccf51906ab903ba6b3aaaa9142fc0a7db18.png,2003,Die03,4
627,a170dd98b098f8d871abb094a46f99b6faf00cf63b5e192a3b4402524025bdce.png,2003,Die03,4
628,8e7d9886b1c300b341b964fb5cddc0fbff0e789a49e5836f1295fb0e1586d0bd.png,2003,Die03,4
629,5b0b03f52f90bb0b94846af7b7d30a840fe15635e768c131ec34e69165d70164.png,2003,Die03,4
630,8a249e25992ec2a90cd122931d4393d208de89766cf0d72eb43bb761bf84a6e2.png,2003,Die03,3
631,863902bdb7ce42e819a9885785288fc62e1e035efbc6f277ae97e2760deb357e.png,2003,Die03,4
632,1fc798a4d66e2acf8f97f4cc23dc417b25e3bf79b1afbfe6a6efebe576cc83a3.png,2003,Die03,4
633,3e2c8ebedf38478ecdb15e084a97696e4c4985bde169ba92d16e0994aac56ffa.png,2003,Die03,2
634,213e6bb47af6540ae260e78b01bec55fa4683c757df26973543eb89f336eea18.png,2003,Die03,4
635,ccae27c242465b7e6a32226ea8e9bfa4a86bcc47ac11ca9537a27608038d06ec.png,2003,Die03,4
636,5855624d084a8bb782427ed742be3b68929db66cac42e30b48de5e465520560f.png,2003,Die03,4
637,60fac996d79137ff4baa502fef346958159478555b566858a29c72e69530ed3d.png,2003,Die03,4
638,74056abd437dd3f36b4f55e82a5c159a32cb0c921917687d29d072d440f57b1a.png,2003,Die03,4
639,e8d50b804fed6dba250cf2c6ae49d82749b488c02c8d4b44ec417814743b2af2.png,2003,Die03,0
640,c82f9c0bd258d60c9a9e8c85bee20e869791b667181a696d02048a3b346b1e85.png,2003,Die03,4
641,c612f89266cb119550266245d72956ea4a63bbe497e4f7ef13f065c61ff390eb.png,2003,Die03,4
642,c5cf912a2691ddc0eceaa9d141101931fb376f34b623e00d049c65be0abf748f.png,2003,Die03,4
643,7c76c66ed35cf545e61027e25a4ff5bcf16fef26b4ae9c3064b4c6826b9e4dc3.png,2003,Die03,4
644,67ecfd10a8f1a2adbf472396513830104acd5fb9e4418a63372edbd5e724efec.png,2003,Die03,4
645,4e0d253c97516bfeab884929f7665234c87e33262dc45e66a6014b7479d0d754.png,2003,Die03,4
646,b5fcbd812e388ac9922badc90265cde8ee340ea82976f26ffe83fad2a35dd681.png,2003,Die03,0
647,2a441bba89ae0a867b3ee938063d55538379f8e1298b3ce439455ad2152b4c1e.png,2003,Die03,4
648,d02b3cf67b8b9b77ab33fde2ed279218ca660608900bd8f69c07bb86934b1015.png,2003,Die03,4
649,817179b70518ce906187ba6f0ec4a5b51ca909146248a4b3f74787364e1691a8.png,2003,Die03,4
650,434c2da55264f571de5b2a143ebe108dd2d528d58e8a3a305026f8d606e614fa.png,2003,Die03,0
651,cec48c5edbcadf5a69c9f4d0194ed632290ac6b1dfb4908452fbefe0b592108f.png,2003,Die03,4
652,ccc96b6a4bd31f56301bca6c2b0991d6bf706064c23caf052790f86ca74f0218.png,2003,Die03,6
653,93888edb269c47025881c61b6d044b43bb27b905c62594031aa3cb047a3381c8.png,2003,Die03,0
654,3f0be464ba9c805a064ed9ce942aa0a746b2e372d6c596e10a9c05ef9f48affa.png,2003,Die03,0
655,43357038a4c9fbfd801fe75485704f2f1486643c8efce9ff15c50d370cd35413.png,2003,Die03,4
656,155b010c6eed18d3e02e98854fcee828a3f6c5bca576c76f5541f9a7eb0ecea6.png,2003,Die03,0
657,2d70898a7d99c4e123d33876dffd7a256cd96c8ecfa7bf4b3cbd2d781601f901.png,2003,Die03,4
658,7b91165e316ee39ad27b563d4cf5a0e9bbe20f1eb53de663f5d3bfedab5c7e90.png,2003,Die03,4
659,ca1a77908e3e1430b8bbb74fb296dceec4be783ab979a7e2e98893b6715a3050.png,2003,Die03,4
660,f43978c19a6e6f9154a74cbfc9802efaa974ad949d104f21c4c9d7800f7c0576.png,2003,Die03,3
661,67d700968138616163b7d8dbfb78249b75758f3d864dce9bb2aa4ec86aad6e88.png,2003,Die03,4
662,3dc022d18cdd8a54b83e4fb1eba8014e5b01fe847e9c65045f8591938d3d85e2.png,2003,Die03,0
663,1a2aad697a28ece3398ab0b8cd3ad8256756536c5c3f1d813bc132fa179ee11f.png,2003,Die03,4
664,c7f3c16e57dd145525af9d57fd9cd1dc1cb476d9f46d8d8c47e15ae6c39fb837.png,2003,Die04,6
665,28b7f16065d825e9431ba6a4ec403d9b113a9e485314ef41327cc5613973217e.png,2003,Die04,0
666,477871a627f05a48d90982870a960080524bdec018ca09089b47f5698484a7e7.png,2003,Die04,4
667,e525f373e86f87b117df47fb548ef58326854ecdeceb7fc1624baf7f21818564.png,2003,Die04,4
668,6c278817fb401adb59c1d77066fe4ccd26e3559d328acef26424f32609ca0106.png,2003,Die04,4
669,c53bfc0860bae8c7641c0ef86ac55f58994f2587a19add98a56caa06eeb18d48.png,2003,Die04,0
670,219a89d631e95e19643566512d8bcc45233fe4fe0524c9a21d4ba8e97777957b.png,2003,Die04,4
671,ccdbb0f0bb9f0eb14b8dd48e7a7859bb5eee0450f239c55c32c31fb6eff84a99.png,2003,Die04,0
672,93cf6fa5e616b83bdbb8b1e2d48baba4c3fe6250c14790d6f410eea81bf46f2c.png,2003,Die04,4
673,bb003e5cdd439d669de05f546be91955059488d06185dd1b14dade355007ff10.png,2003,Die04,4
674,c3198c326b16841ddf72fadfc2e265a59e242e8edad3cefe104a34436480669b.png,2003,Die04,4
675,67af95ca1739ac974416af9060c18a81cd7255b2280c491dcca371e21f367057.png,2003,Die04,0
676,700d854bc72b4ee8f8f8383c48f270a43ed4cdb4a0f8191113741946a6765589.png,2003,Die04,4
677,122101cf8e3d5ffcee83c4b11f52388e6ada8e45b35c8591f28ac2020bf110c0.png,2003,Die04,4
678,61415d18ea9e7582afab6a05c1e3f39f340ae51850bed89031211f1f56bf8869.png,2003,Die04,4
679,e8ae0f73a3c6731a54743e39fd37726de61b5db9a6fcf06678d20070c28d29ad.png,2003,Die04,4
680,446cbc772eb05ce5555f331994663086863e2ded846341a1de80fc79a309c1eb.png,2003,Die04,4
681,a28f6ac05d633218656ddc7a42e2824c8189ead257088b6589979e8f33544e58.png,2003,Die04,4
682,68a2b0c12b39c42591fb6d225f0bf7f19ed519ff5e9706ae2b31955e7d4fb05e.png,2003,Die04,4
683,9a89c7bd24cca006779d0bb0f1031a99f934fd7397063bb6c7116ad6a6663d59.png,2003,Die04,6
684,cbebd895aad758c8410cfdd3dd39e6e71fa57753ca476cd0fcfd6b72f1d77c9e.png,2003,Die04,4
685,ae86b0954de7a561f6ba69055a45c7ca45efe3cb9fe05f5a53d775a267caaf7e.png,2003,Die04,4
686,fadab5337708c0095910a085df3c0d6b55ff4560cbeddd3a8c1e185c718b7f0a.png,2003,Die04,2
687,ad7121ac6b5c97b1f40d5e7b8fbf0db0fc97e9b13ed8e61642f581ef26715b15.png,2003,Die04,5
688,f9a9995fefa074e672ec7c93d5ad8d8271a3aa7298b1c5e2c192e489faeb0160.png,2003,Die04,4
689,6c7ea6c96e6822b5b0d639d6c93cb516d3ab6cfa2f60f051d37bca1012b6a11c.png,2003,Die04,4
690,6a8637f245255d6e82d0fb8c313afc8bca3e22418854180266e0fb5cf4762136.png,2003,Die04,2
691,ae2b32fba2585e075c51dc56082b63c97b72b6bb2754091b868018d153cbd295.png,2003,Die04,4
692,f0a2f783c882c8f5bedb50b28adacb1fe8690353442bd006031de13afb2330ae.png,2003,Die04,0
693,1b637ad767fa8a8c0780050de6320c8bbb9ec9f437fceec6653180e0d67413ad.png,2003,Die04,4
694,215fac5a804c4068823f6c0cf26972ebd1704d75db02292d2125e5a4977bbc27.png,2003,Die01,2
695,624fa49fd4332ccdf10d052ea770de62147133e9aed5dc05993025ba84e2f7ca.png,2003,Die01,4
696,fb5c23eb359dd130c5f0bbbd3d8a1d11fe9de743896ace63eddf15645bf7411e.png,2003,Die01,4
697,703a1bb80b730bd1afefab546d302ddb758939ce871fcf40c8b51b297fbff6e4.png,2003,Die01,4
698,1b66e172cbbdeef45f7b64c3d9bcd30e51d9d2c0e948e2c231b983c9818de132.png,2003,Die01,4
699,10c4041f1e0686ca3656df382ac09d3b38809d061fc9c9f5bb18d944b178e32b.png,2003,Die01,4
700,36629d03b74c7457cb40707db64a0637961a63881684b3ac66cbf9dc1ea94a64.png,2003,Die01,4
701,d7291d2ee7be4ddb1d6c8e0a5e1228f9c0441fd0e14354c333603eec6e898b0a.png,2003,Die01,0
702,9ed31b23a3483800c52bb242c674fdd9c6a208c1ee6d39a0a799db2a820a62eb.png,2003,Die01,4
703,8d104961a770f8de6d22c3efdf80908e996548a8fad00211af5d6f5026f3d8db.png,2003,Die01,2
704,0ef02fcd3a3fe7ddd7df5c9d05f3d8131d67d72106c8ac5d09b1548e2c4fda90.png,2003,Die01,4
705,75024e44d9239bfc8b43736236f8ac171d44cc670e92b144c1cc7c8fceebf5ce.png,2003,Die01,4
706,b931fea3ec6b40976f49187f2ec1516d16717a6ea209c127a9295fa35d856164.png,2003,Die01,2
707,55e4fae490da51b70331935e3bc4b48ed03521d1976410e938d4cf0054faeec1.png,2003,Die01,4
708,08e4430e7a0b81790b9331fbbd7dc853197e219cfa88f8d5c1b37d02ebeb2960.png,2003,Die01,4
709,bd0278af95d9b7709b9410a251b56c9e94edc6dd0758d4a3d89358a678fd0362.png,2003,Die01,4
710,e9a73d76cf4e1e9b925c0a98dc4682dbecddeaa286cd1128e154976619d82c2c.png,2003,Die01,5
711,7800f86f1e4b584737b66d8425e5e734507beb4cd31cb1b47ca33f7d8c6d3b78.png,2003,Die01,4
712,45ae7d81d5b129b8448fa8671029abfab7f44ff658e6224bc66bc895ac52838f.png,2003,Die01,4
713,b91dd2d51053f2b55cc645a1a76adea960b1677f3be3ae973059ece548d54993.png,2003,Die01,4
714,604a8d161c917342f107ef711f7a3863b8890b257bfe531df8077820ff658440.png,2003,Die01,4
715,f34bd05bfb6e53b63050e0eb252c506ffda161b12d79417e093f9f07800a8d79.png,2003,Die01,0
716,236711038d3665dbbf516190737efea578c9c2b0409c471b7458f3e1425f6b15.png,2003,Die01,3
717,271a47db2a469b05879bef259caa03d2d5782abad12bebb6d5a61fbdefb22774.png,2003,Die01,2
718,2084f2c2d37ed7a4deb36ceaee4fcbbf9aceca3f8d707ead898adc98930495f6.png,2003,Die01,4
719,cabf39903bc43758acfbae39a6a4ac8b928e2771519a96339766fc2db3c4c349.png,2003,Die01,4
720,e37da364f83ac55355bbfd7cfc70522dd9978a25980bc06431b8d9aebfa2b08f.png,2003,Die01,3
721,f30b2e8c4636baa876e3bb7c73f830942efab030c0431950dd6fe4e1b972bb44.png,2003,Die01,4
722,b755b564156321439e0e7d5c550083dc15f897bafdae41cc0b78a69735643b11.png,2003,Die01,0
723,05cd4863876b46c113e069b11d198527650ec165a63441bd03605ea156083d8d.png,2003,Die01,4
724,87c28475194124382fc49ed6038c450a4a162219603ef1522bf655f590067ef2.png,2003,Die01,0
725,599fcce2a5e222e2d7417fdee28dad94cf37ca90edce1784dbe6994304aafbc2.png,2003,Die01,0
726,13be8686440a9e8f62d42383c30758bf06b6e2ec4fedd61dfc92d43a94bfed7b.png,2003,Die01,0
727,e2d93f62944fad3b44dcc01692d6326b44a25491f37f10ddfa4dede61cdf9276.png,2003,Die01,4
728,107b6d57c1951cbb5c426584fc543e49cdf5b3ab0cbe8781a0f5d456b21c4248.png,2003,Die01,2
729,d8f6c11bcb10b8cfbd623a4111471397d6fb283e96ec1291ebea776bbb303ae7.png,2003,Die01,5
730,fd49580347d818cdd864c335d03bebddcd67c1205e04fa63398e8d8f8b60ec15.png,2003,Die01,4
731,beddaef7fb0965203b59ec9d442247a6f88ddc7ee54394aeee5ef6c11d2519c9.png,2003,Die01,4
732,d065972df57126f2d84ebfba2ffb862b3ea873c4843de40f24490baa1a4bc62b.png,2003,Die01,4
733,01c5543894ec43c4e53a25eec8a91720f9c13d8f902bf8b621c79027cd25ee6a.png,2003,Die01,4
734,347101ff2368ba045572d536a2da30f33931a4461cba051f79301299319e4595.png,2003,Die01,4
735,dfe5fda2097173c8ff1db8db5360681ead1b1775ba4d7d4c27f3365738a8e72a.png,2003,Die01,4
736,08acb971ad8aba5b0c0a6aa263a087ead9fbb1836fa1895f6c911dda9f7381ef.png,2003,Die01,6
737,e36d696d6ede022a94022314029d9b14194cd6383a2d14264c91431e8c8b2201.png,2003,Die01,4
738,6f050e6e6d0d683542bd778f2fd2245967a9f51016061439c1943f963d6ba95e.png,2003,Die01,4
739,b8f4d6ea267c44c98c778e75b1fb70a5f1268a2c75d3ac142704462a5e5b7845.png,2003,Die01,4
740,c494f0aafde4ea69f27f9559872ae2e9a856e703ea9ee9090c425b931d95874a.png,2003,Die01,4
741,8233e8accda8c9aa3423f5499dfa8b0af6106ffd0b28ed9847fda243b4c650cf.png,2003,Die01,0
742,ed7feede4c1318880d858d7a381342ae20a32820c3e1af461bb0c5ef12096e35.png,2003,Die02,4
743,9b38f646c9f8cb95045e7dfaede0b22ada3e18c1c794e2cf4ed38d7f8157e52b.png,2003,Die02,4
744,417b93db212ce97b5493c84483d761489cef7e377d6251cf43530d409576b89a.png,2003,Die02,4
745,add3ad2286e1798535e16cbb822596273c0b27985b4c770be508d9f9efc4aa05.png,2003,Die02,4
746,c7d46c6a57c06f9ac5b0e372142434e99cf7990e6f952d99bc12631712e93739.png,2003,Die02,4
747,6e1ae6c7f3c87d7604dc424ca5ecfe9bf9ce5db33ce058e7169950b34a481864.png,2003,Die02,0
748,9f0c07b6e075623d10b2516ddc5e337579e742bdedf66640bc7a2588d9ebc821.png,2003,Die02,4
749,34764a6a06d66c1b897e19c80da672e81a76427607592c0535bb00c3400bbed6.png,2005,Die01,5
750,348674704fdfff026a9a0e9152380af193cf9c916305f8c1030214b45ab5c005.png,2005,Die01,4
751,1299f1374d6730c6d0af48ef11e6278511ca280fd49b6dc9f5a7971d9dc69da3.png,2005,Die01,4
752,d86e5e40a8d5b878a4472d6cec6af1c936396272796dbe5cd292549a49161cb2.png,2005,Die01,0
753,a33ad34578190fea3f6805edd3e36d3fc86978e588d56900f0f89512efb50cfc.png,2005,Die01,2
754,21201bf5c6a66378a3ff41d56381291cff1c7780246d2c8578f173c37f9fad69.png,2005,Die01,4
755,83fd7fbccae18ee4e2380fa0dcd705301ea1675469978bb4f79b28e76ec6d8ca.png,2005,Die01,4
756,89a9067fec6c162a9f8a67d7a8c24bc5091159d2ecc230c463b543f5bc03be77.png,2005,Die01,4
757,ce54dbddca34b037f49ef4d831f29de23805ee14ac1760df298acfe04e8d1ad9.png,2005,Die01,4
758,7526efdd8506770c6ded0cac014127e7c08a3210b817a412e54c67e3771fe18e.png,2005,Die01,0
759,91eda638e6a3abe3b3c653af492177ffa2133b4f162262c196f1822c6a22ff8a.png,2005,Die01,4
760,a4fb2fb6d0aa5de35ebdf02e9f628e501e3bf849a76139242ef386de08622893.png,2005,Die01,4
761,003943cefade46399db0adf9e4a1a4f14ba55033770b92b1cf16343603fe3b00.png,2005,Die01,4
762,250b49dbf3cea1b0e6b16726d17b457b93454c7780848b7cb1a9df5fcf522f15.png,2005,Die01,2
763,f65ab36d0930e6e309aa5cf19f9b07601aee603f9998ab1ef56d290bd8d32d5f.png,2005,Die01,4
764,b6699d4ac51ee8efbc54f36eed2ddbb0d74cb2959736958b7c04de0452a79765.png,2005,Die01,4
765,91fef3de8a66c5cb6beb7298dd92c8e71416a92360a684e6b5b14336d8b941ae.png,2005,Die01,0
766,658f168e955d5ea51171f7912c44a1b0809fd4f179cc1a8b186e79cfb7e64ef4.png,2005,Die01,0
767,e231bbf2f910f74721fc69bcd40c97dc3a100fa9420406cd8c8bfebb4f5d0f2f.png,2005,Die01,4
768,4532a3bc52c3c9802fab32a0bf72810f543a2e9ae9e590749214d22a4f34fc00.png,2005,Die01,4
769,b6b1377b954b0d393f4f628aa2a9c65f863454ff8305e822bfca03dbe0966a8e.png,2005,Die01,0
770,18e9e2aab49b20e525a9b2e1c0dd20981af924046876fb3bbcb3b8d05eeb09b1.png,2005,Die01,4
771,f49bdb01563525ae69b794eba918b66cb548259845024ba8b47bbd0d881f7881.png,2005,Die01,4
772,6738b0541d54a4f5b183d2612f3b2e6e42d6a678aba7027dbc8ff9b25ba1b9dd.png,2005,Die01,4
773,a762a17d54e64da26bcaf823ade75567d872c967541022ee94c03c1d5f3115f7.png,2005,Die01,0
774,a0269ec134e902459436d65858b805e18fcf1cabe1ce6227061cb67f0fdc8ee2.png,2005,Die01,4
775,a97c1868d2f660f24926431a769bd07ad5b867f381136c9de78bad5f98c33eff.png,2005,Die01,4
776,adae5c447eaa665cf219edb250e430fdd795d862046fee4998ad041b67456e1b.png,2005,Die01,4
777,13b350be20024ae0d07f3afbd28bbfcbd9b61c178aa4cb02c6c6183f2a4b5246.png,2005,Die01,4
778,932c3bbc80e9f306b1c73f832bcd8fa43cb2f3a908795bc1244c335dbf32503a.png,2005,Die01,4
779,0cbd0564f4727ea215e8d23ba4b73a6cfee3a82562a7a75e51fa30bf1df7e1d0.png,2005,Die01,2
780,acd953d67e53ef08acf5919feed0f2c4166a0d9c672c5d0962d618241a0de3b7.png,2005,Die01,4
781,650edf19c5ad3fae103fcf1a280fded6260528d3a4986d81591350829be30f32.png,2005,Die01,1
782,ae1ddf2e4f25de0865dcd9edd985aad22b647b4889424eeb9b875b5c16cff12e.png,2005,Die01,4
783,661180ce37d825e099f3c5036dfb7a87aac2c1dbdb395d0eb3521825f21bfe79.png,2005,Die01,4
784,60244962cf51aecdb7ab95c14c6c51a475f4684dcf94c969f7d53ad9a1f56c99.png,2005,Die01,4
785,7271371cae314f53d8c729467b4e8306d288b575fc21ff056cffdb146e8339ba.png,2005,Die02,2
786,c33e4bfd407d6fb3126dfaa52507811561c66e158bb2bc5482c8232d394a02f2.png,2005,Die02,6
787,742f7ea5fd31b393bac4e448fc79fed40fb156ab648e9d152b3f71b5b6d7db4e.png,2005,Die02,4
788,8a8abcdbd3c9d823a0b0d6eeb15bef0692243be84646819770cdb4caebaba888.png,2005,Die02,4
789,a03755b5b3f94ce8d7421cd084ac492f6e3ecbb59bab6cc5b9e1580aa4064fa2.png,2005,Die02,4
790,a0225ca28e55629abdbfc56bb7ed645b4a1ebdf3fb9a92d9db6dc56ba5b6a866.png,2005,Die02,4
791,f6b8c3ff7ff01832214f6a37d4e8f94a1d533eb299883173c6954fda372cbf62.png,2005,Die02,4
792,cb9f9300d687badf57ebdb401a59807cc9be3c99544891e226ab04dc2470e024.png,2005,Die02,2
793,521e77b4656596aaf1e8e487c88bf6786a0d40556122cece925a6e054950eb18.png,2005,Die02,4
794,8b259be7b5d43c5dfae5e64832f7ea2407dde2e5aa3bc85b6a26a6e7de561eca.png,2005,Die02,4
795,d4a37a3fafc65354ed20d1856607b384ced5757a966187557babeabcc9971ef3.png,2005,Die02,4
796,bda9046212e8b9ca9fe4bb82b0a47caf6fb4c9909432e3d34a8c028b03c2911d.png,2005,Die02,0
797,92e79c8e51b818f8ca307ba6ba9990d0ba81b5f8d87f03599237f62126bb0279.png,2005,Die02,0
798,066a88c863e43389a11bccde6230a17aeabbe9e2429f542c2efbc9a64b0e39b8.png,2005,Die02,4
799,ed1cd3e75a29b4684787f95071624813288587ff6a996921cebe97b793cdf3e9.png,2005,Die02,4
800,dcf36322b249e261ba2df715bcc121f9c1a7bc9e856603e0678167d525f8c2f7.png,2005,Die02,4
801,a119b94ecf698e85c2de05568ebe7f07fcb166fcb678db48043e393ea1209108.png,2005,Die02,4
802,dc76f84cb003a73c0c20417baf56febf6de3696c5f8613542a02f548ffd297f4.png,2005,Die02,0
803,6541abddd1ca70d2368b65aee3a870c5a7f35b5f64d965c8bcabedc581736c8a.png,2005,Die02,4
804,8a2667f3095257de159d225e9f532c1c7d0479cd191b5488d204f3ea53891a26.png,2005,Die02,4
805,89961828000ce2c106fdc1972f5b0981ef9c15d84ce86a29b2df4fbd88b7a628.png,2005,Die02,4
806,b8aafc2081b8c3d8cfa69fcf837446880e0fcde1ce831af065bfbd204c48b0cf.png,2005,Die02,4
807,66c6356541096adf02de5e8ee05c5707c6e525c8709baa640be9b08f0219df0c.png,2005,Die02,0
808,dbcfd65a5faabb5dc341a6c86978432a743f90bca68fae019bde01c80d6b9495.png,2005,Die02,4
809,c694bef48ce10a5a7dcddb2301c5f35957307be11cc5d9916dc7f72c9cdfd80a.png,2005,Die02,4
810,fbd10176abb8549e7fbf2fdbe7d4fb29ca15e59b75f73bf9bc045075db55bdbf.png,2005,Die02,4
811,e7133c7170858bcf85549dc37231e941dc550d4d769f22124af7b331279dc641.png,2005,Die02,4
812,f4dfb585a63eb00713cd500c1108bb4c81d84e18d2f5f29ba298ba0fca03946c.png,2005,Die02,4
813,e1e0b29f9196597b57c164000060d205eaa63100e3f137b979d8c063fa93cf59.png,2005,Die02,0
814,bd595453562f13671c86311f901f927cb9c3c7e18b93476bd107b06bcb58298f.png,2005,Die02,6
815,1d25cc5a53adaa103b3fe47ceb662a2f1294825bfe7d895d2521cd9b2ec55197.png,2005,Die02,4
816,2845fe9a20b3450f0949e2ff195115af500ccab2de59de442f8711eac8b44add.png,2005,Die02,4
817,a65000ea48e58f90c775825617563c2268bc77d901786e0c1b3d98a8c5bfc1c1.png,2005,Die02,4
818,70ac96778e12bc13005058fd518acc3964fcdbd52a82827d921a592751b9cf55.png,2005,Die02,4
819,6e7908a2752e7adb15a7e2b33edd2ee4aebfd716f9ae2749cd4c6408955fede1.png,2005,Die02,4
820,f3f8de93e06457c562ecb4284443086cb65c68d53f0ea1a5ca52301f6cf43a3d.png,2005,Die02,4
821,de3dff40b92cb434fbd009d6dd310e6a68dd544096cbe591c5a5b1f41552c641.png,2005,Die02,4
822,8475b63ea7611d2a262d6c0a53e69409d77bbb0da4216ea0f46ad5837fa1d18c.png,2005,Die02,4
823,e9733cbcc22a2c6e1afd94c8580902727715ee3267f77a642dd443742ecfe860.png,2005,Die02,0
824,c4ee0a37d04995f5ac4291b0eaa71fe58b0d0f25090cb49bd16a7d3fd0efda02.png,2005,Die02,0
825,01d38e15d9c818f598fe3703d030604f299cbfeb38a9a5d9c93bb6f797a52adf.png,2005,Die02,4
826,2479b390a99381f2879cba446f5f9715fd649d9f4d1e2b951c95f84e3d70e0db.png,2005,Die02,0
827,0d427e8620451a4b8d4450024e54ebd942b55e8c5e21b79af50b5b42d8cbb5d8.png,2005,Die02,0
828,31887e6318dfc56b329e3e0cfb20e9708afe600547383328058566e4ff531a6d.png,2005,Die02,4
829,62aefb721306e7b4b9e6b44cc74c6b40306c7f563ca2cef8c7426f76ac825944.png,2005,Die03,4
830,ad231ad2df160b88a319dbcf3da219e46ac33efcf8f2cb7485b066cdb581d90d.png,2005,Die03,4
831,2c62cf4291406497f14338ce06272a2cf23e46665e4abc5af73142b319677197.png,2005,Die03,0
832,4e393c70989b2f5a5e7b6c919de628f0c2bdc7c490934be337af5301eab87d9e.png,2005,Die03,6
833,cb13ee52efa1fb31f368e65d282d15628b7bf0f1303592f7eda4883dc55aec3d.png,2005,Die03,4
834,00c7e00fc6db3f9b53130689de8e895107cb501aebf49922e06444fcd7b4401f.png,2005,Die03,4
835,c2e4c9f22a058d499cd8854b0e31e43c2b5aa45de5dd7ad5794e27a998d219c3.png,2005,Die03,4
836,9047dc3c3aae88cf9933cfd4183254a8d6ae7e9b40ae76e3dd84dd4e3333ab0f.png,2005,Die03,4
837,2f6e3fcfb93f4e0907c83589ef9ad569894ce28777cf2d0012356f15c2a6e81f.png,2005,Die03,4
838,889e9cabcad98e05e0e73639e7206e6a9776b6b6312ba8a60fe4b2acc7f4d10e.png,2005,Die03,5
839,8f0e37621206fa6fe4f3bf8cfa4ad6244a59a7d04e0e5d2d3af20e17d4d09484.png,2005,Die03,4
840,eb3e1f6b50489f0b93a67706d210821f4a376482a2eaa68e66c90fd800d9c945.png,2005,Die03,4
841,506dcc89ce084ffce1a650fd0ae92ffb263ba1d451adff65ea27d381b8f75110.png,2005,Die03,4
842,9aed82c4b9db919c0a16f06bda4693cb342632d31056e0c484ab2cd5bd5e7124.png,2005,Die03,4
843,7748b7535ff6c8a7aeeffa17a63f3318d163287c07d32126adcf2063c59c92e2.png,2005,Die03,4
844,95def93b86834e9e44daae2eb6c94778cb5f6a76d5c7e6a2d22d33a37400bbfb.png,2005,Die03,4
845,97e85f9740f1f2a7b5238a6c7fef7a7476bed2998d409fd06a3cc16e19812f9b.png,2005,Die03,0
846,8ceba3187db8236219d775d62a6d26c720fded8b4f9a97d08319569c11a62e08.png,2005,Die03,4
847,619d04a356cd7976128e8d446aa5910d6e786d9e7a8de7be74af7ed9c4c43270.png,2005,Die03,4
848,0ec18452fa31f4e8e1d9696cea2c2e6c4675e61df3b45f4e712fac303ba961ca.png,2005,Die03,0
849,7c7d5330a900fa57f7809c160883c681f9394e0fa766740b0f7baa349c0d518a.png,2005,Die03,0
850,d58039f8ba5d627bc08af429b4b8b2a491259cac9607ef5a0e2ae6debeaef6a0.png,2005,Die03,0
851,a59d46d0ee1dbf92a392c0733b86ff819f2ecfbf497a73b8a6f7607032efcb9f.png,2005,Die03,4
852,917f70027d6d4025499dd7253ebe051ba8cf8e6e15365e0c9c5f52b4d837c0fe.png,2005,Die03,6
853,5f5c8857e402115268e1b9b375891af0a46a029cebb2975ad83c3bd52d136d02.png,2005,Die03,4
854,71b728aebf0ecbaad5a4c2dc766f6926cb08a6c6255073a506eacff043506d98.png,2005,Die03,0
855,c66c1a382573acdc4969b16e0b550f56200cdb339554899817267258661ab07f.png,2005,Die03,4
856,1d763acfc91f709f8c188492488e1a821abc29f70b3370e38a04147e7c6f4b15.png,2005,Die03,4
857,aaea3ca358264c1f4bd8c84c9fe0c34769ba7f697a5adf53dba003d5312b33bd.png,2005,Die03,4
858,81ef3822bb053b39b9f5ed888db7f26ab7fab602f34825f44d3464a4d016058e.png,2005,Die03,0
859,323ea0518c9c8fb1be3f045fd151c6e355656c47d5c056604fbff045884d95ee.png,2005,Die03,2
860,befcdef9134d2b80547e725df4608da2729b75b1b5f76ffd7614d9dabc7f269e.png,2005,Die03,4
861,72645fdef4e296781bed57e8db74b44b7262bb73442f55e4de44b0e9cf9383ee.png,2005,Die03,4
862,dadec986db70cc7866e926aa72f38c82dcf2fcda3da38daed219e74eb8912e3e.png,2005,Die04,4
863,aa81027de26452f56dbc6bdd88bf0f42390f3880932cb688207aa8454b1b6bd6.png,2005,Die04,2
864,b77edb97988490e3d8323990b93f5388439e5a2d9307976c3ce542cffe3f17ef.png,2005,Die04,4
865,229590f8670436618a0d3e9ff1f63030959f6df6fc5fcbe751dccd9b3cf934ce.png,2005,Die04,6
866,7d38d7e0c0af9c55624d6ecac960b28ae9326b5313f620af0b43cc5f478373f7.png,2005,Die04,4
867,3d59a45a497194906b25785b9dc5307b444e29688d2121a1ecfffd9651678e97.png,2005,Die04,4
868,5881f85ad2d257a20601af1cd437d3cfdfa1b1dce68144fc0f87f1bdf68a196f.png,2005,Die04,3
869,c04c78a0216ca0990f8ac5001d636b03416ca7b5563e62afe6c17e4fc5514625.png,2005,Die04,4
870,acd3b730dab2042f71c62914fcacaae2ac4a3f3af53b1c9c1659b145848ce701.png,2005,Die04,4
871,40f65fcbbcd6d276a540dcc64648b87297ca169dd66403ac0baffea510b2be81.png,2005,Die04,2
872,9612d7a57e45bfa7cd727ffafc73f56b2d497fe275e371a3f095c42add647359.png,2005,Die04,4
873,b511e966119715f531e502a82662964ee1c08a6168679b3b7b662ed2075ceba6.png,2005,Die04,4
874,d07f68910b188c8426463eb46005c1dd48d7905ed65b59b45f5699dd2c6ab93c.png,2005,Die04,0
875,404b137fdd330778b620f8b7dff9688a045cb8cc5e677078a6662a001a37eab6.png,2005,Die04,4
876,3c53985963d47b576a07e39dc2cde89041d98efef9fa7f99257597151195af30.png,2005,Die04,4
877,e5fec33ac6ec161641cc1a5e451623eda7bee4874bbb792664da66b1d6cd51e5.png,2005,Die04,4
878,23af9454cd1343e4d56ce6a55f994bdef0a58972ee15f49a9da4783bfdd1deff.png,2005,Die04,4
879,87414a9afd06fbcb00c332020798379c36a8e5173eee74466d6c503f90097ae0.png,2005,Die04,4
880,5e046d7cd975200ab5c452caf349bea2a221ea43dd41ef61fce67d7aa95177fd.png,2005,Die04,0
881,261dbd17653fb1d6d71a2ce6dba44cd64d2db55c38b98904467aa6275216c7be.png,2005,Die04,0
882,14cb8d55ba4598dbf893561aab79b1d17fb997ecd407f7f37b993dd1f3ac9fcc.png,2005,Die04,4
883,ec8c6fc9907b8cfc680672064ac65522de138035847efc5e4cf6dce60ee5952f.png,2005,Die04,0
884,ed2d764ed26552cd58d89b76bb76a23a29ef324bee10eb2ae60e2bffe70a5a3b.png,2005,Die04,0
885,afeaf100f0ca2b2e11e8a5cf3c64c3da2f0b5b3eeaf8d7a64060857e0ff3f4c4.png,2005,Die04,4
886,bd3861d880c9b98bd9332a48ef17736a90262f67d85dcad60c7c4fe64b6fee63.png,2005,Die04,0
887,b09cdfd25adafa06a6f56b3b10a11b805885cc1ff75c80ce80de99dfc93726f6.png,2005,Die04,6
888,89a618e87d3ba0cde117a374bf425a7c9b38f22a8a9bd57470baa659c4bbf78f.png,2005,Die04,4
889,013035418bdd14e8901fc851805a660e043c4533aedbc004fbc88a1a7960bda1.png,2005,Die04,4
890,ca9e0192ca461c70443921c52c82bf229b02b858f80ba6ac8da640ec8801dff4.png,2005,Die04,4
891,48dc067735707b56ef419f6193a6380fdaf504abc5e78f52666828612c55459f.png,2005,Die04,0
892,b6f0f970d328cbd67ef71876036f2fd020ac9ea4df39cda36006a5b370278de8.png,2005,Die04,4
893,49e71283c68ef92df9eae0f4b2e5aedd1df8a91e4dc2eefd31d726a445ceda6b.png,2005,Die04,4
894,9fe847a508bdff0d38e792564851c104f9fe0a43857b39ad915be38cf3a7c3e3.png,2005,Die04,0
895,e0e1eed42ccb312abc72e89b1b1bab7bdea8175aa953ea2cba89706b9b613b79.png,2005,Die04,2
896,661329b812c4968f576a389ee5c2ae11040b5c2f643e45e929dd39eefcf2e6d1.png,2005,Die04,4
897,60b89f36f5f4482d1056171c59e977fb7e32166c24e5db36a2debeb3c6cd9a0d.png,2003,Die01,4
898,6a5c9a15bdb074f05f064333174c9705a0dd7218a01255152c15e68539501f6a.png,2003,Die01,4
899,5810a14c3e1aa4066ba56fa701bb3d460f58de3422ca5f0479682f0d6921d187.png,2003,Die01,4
900,adebf81a0b6258ed5a9a945461e05cc8d518f5e85e5eec2c8c25c5ce6fdaf511.png,2003,Die01,2
901,cb1384d613d27e296f6cdff8d1c1e4f0284a7fbe097bd9efc764e819adbe53ba.png,2003,Die02,4
902,20fd359ef90c7c9e4852fc15cb43e790b10c4d818c4b1ea4dd8491d042ee12ba.png,2003,Die02,4
903,16a9a7106da45758c103a182306d6e2991634e0574edce7a97ff5768d59b5dc7.png,2003,Die02,4
904,63a052805ccc95fc380ca5337cd87b6da8f9ba78f97b9b7de96338212d7adbcf.png,2003,Die03,4
905,f64916aa8b78bfafec03581e2e8756c5d653b4d1ce82fc9a28701f212232182a.png,2005,Die01,4
906,bd0d126ff2d2b8a922c495b6bc3ef5a42fbc399140333fbe124a506e0ed427dd.png,2005,Die01,2
907,0986cfb20dafccf83e04ed3b75e69a31c938a0ba7348bba6e7c675574efc2e16.png,2005,Die01,6
908,b09fff230ffbf728bc91046e96a42af506ca062f361d4029821584d3a0b3ee95.png,2005,Die01,4
909,6625c6bf4e886afc161d384ef409c8888e813bec53db6eda1a503163daed5335.png,2005,Die02,4
910,5689bdd3363fd0de55718feed23d14dda7173bb8554d0e7ce28653bf79a00e74.png,2005,Die02,2
911,ad2ddd0849403a0d9948daf6caa47dc557dee237a73788b1470c26bca6bb5d87.png,2005,Die03,0
912,04a42ae3e09d2f8d21acfe0e89e78e4925871edcb5e21f1389ec354d1cb6bdf1.png,2005,Die03,0
913,40148e56c6ce61018267dc716c171d119466f1a0d91bd04ecdeecc9fa32bdd0f.png,2005,Die04,0
914,315b44d03e18d5d4247652937162ba6ecbb62035491814f82f7dd6a16a69d4a7.png,2005,Die04,4
915,3fc1590ba2e90652f7e2ff3f815a8e753c8753715fc24764b4a973cd9c220a09.png,2003,Die01,4
916,5f13fcb547868555d73cd99f901878f61057cf4aeb90cf465dc39676207361cd.png,2003,Die01,5
917,fecea502ce59e1eb1967f2846e889326dd26554c60837c3d48c5170861b52cc4.png,2003,Die01,4
918,beb8bfd8ce60b2322419589d2c6c91e00f98da4e5a59812b9b70dac4f27445dc.png,2003,Die02,0
919,529bf2ccc38df50a43670d14e2585c02531115cb627b47493415888c3d79d140.png,2003,Die03,4
920,9bb5c7ce59877cd13da00775c36d45d830d116be93a2e4e0cc7d4a35c4d02197.png,2003,Die04,4
921,8644855a5bf8b2737061c191646f6b3aa70c8b90f4ad630c0ee5d11ce450f000.png,2005,Die01,4
922,65c23c52922b47ba12e65d6bcf87bb06d3ead96c82b45ce5134724a2c65924f1.png,2005,Die01,4
923,fc0fc4eb097b747bc81cbe95ede531df07978e2f25eff35402123f5c06f34f27.png,2005,Die01,4
924,680d7dd23fdbe0703c06c74ed0e115d0b8cdefe9a1115b9ce1d04f975465e23d.png,2005,Die01,4
925,1f0993e4a03efb2915af88f0aacd2fe45c2ca2a51e347a1aab2b2eb266c009ad.png,2005,Die01,4
926,a8b58831e47ee9000b900054dad8d9fd6f1f79c082f531bc6264d70d6a683ae1.png,2005,Die01,4
927,a4e7ac658a302bbd000754b86582a3584a80247b0d20d7efa3720611fcbc96d5.png,2005,Die02,4
928,bd73e5b7923313becac36aa05747764ffc5f762b62fedfe003e07721efcf9101.png,2005,Die02,4
929,beb6765a1076cf27be03d46b6da7d8b322c7422052e122c0ba4fe02422a7b996.png,2005,Die02,0
930,7aea970c192e32c6cb7a7335c1083d9f0f0c89128d31ac7abbe95fb8d2c10ac7.png,2005,Die02,2
931,8a69ebe155e3a7fbb434896bd3a0d061ce3bcacd76b4758eba3f9057e9c05d76.png,2005,Die03,2
932,d3291db0bf497c3441c1e6780f5fef1e797759b0135c3050fd404ec96c23724e.png,2005,Die03,3
933,d44c8443f1de439d1d11324032dbc160e697c186d8f921c814b68560b065bc5a.png,2005,Die03,4
934,0bc8e2891a9d481156b70fe772a04000090a0c801353252ec5a1a863e827e6d0.png,2005,Die03,4
935,995882e4c6430c418e50f643f32c3a0671351aab4e98344c0edb426f524684c6.png,2005,Die04,4
936,a0a6fd5325a72df19f211a8ed3968c4524721e5933ff94bbf41807230729118c.png,2005,Die04,3
937,41d82f94eec7464d72940cc71c396bfdb170f3031e6145413e663dd668c02af2.png,2005,Die04,4
938,154d2b65f60d2107076add8da06d51b99e4c7fb50fbfc0e3f0861385d004b048.png,2003,Die01,4
939,3a086653eccb24caa36e318a4a19325d1779513e0c1d59aaf4401e1041e0a508.png,2003,Die01,4
940,789ef363abb0aa6192695b360c41a72fe8b154f6d2d1bc62e3b814eacccedc62.png,2003,Die01,4
941,3da9eec7f3bc751c823f4939426e826890fc4cb97e4aa303c55acc50575720c0.png,2003,Die01,4
942,8f4630c84d1ffe98ddcc419dbc01b27860f68f48f1507faf1642bacc690e7e2d.png,2003,Die01,4
943,54d349eae971319ead96b5c47f9dcc78ff38c3f55f8109b3ab9f921af9e52ccf.png,2003,Die02,4
944,f6dec8851ae1688ddef9a1c9290cbd560a66579d48c8cec1e54d39613a04b228.png,2003,Die02,3
945,216d84546bb291a840ac2ad0752a828f1f3d64abf791917e677d86fa58a97108.png,2003,Die02,4
946,bdbd4ca71caff6a14d2a0841b5d81ef257bad272ec77254de9289aac6a655290.png,2003,Die02,0
947,5ba7e5557d830f5a21c47c6951617e3e3664cb0dac21caee76b4431ceaceb521.png,2003,Die02,4
948,1846a7851c61e91ff780410ed2ed568a267eb5b225c9edc3e74c7e9a28cb9320.png,2003,Die02,3
949,1684eca967407ce8b15d38830ea954fc4bd00d0a65d0c7fc0c18dac291e34703.png,2003,Die03,0
950,57eeecd70792d8160713ef23f03f422b069fc310a66c4fc999775e3f9df8346c.png,2003,Die03,4
951,a846e0289890926e44625ef9ac6db13b91f6763a05b6e37df398c81878abd962.png,2003,Die03,0
952,ceccc904fd0d4f13f695ae77bda5a4dff7236399a74e46f20de1f364444f5854.png,2003,Die03,0
953,d43b5012836cbd7aadfc6f3b1adee55cbfad5664e3d33c19651832be1ae3b8d7.png,2003,Die03,4
954,506e3f29aac1e5dc4d04364af264986fe0bd58edc274a27cbfe6c6a9c42a2e93.png,2003,Die04,4
955,4a9aa00c53b5dc66789aac67e0bbae3d153d2ae1c221c39035d0263283e83d92.png,2003,Die04,4
956,491716629561e4900b0aabe31a5ce6ef17ad3243127c251b2112f89ea05de367.png,2003,Die04,4
957,1d19a0b5e621ed68cd56bf9df96245db2bd1a6d4027ef43fbe03b5dc71e3a660.png,2003,Die04,4
958,8e7bee7f365ba606a9c9a54f964888f1d265b3f0c50822af68cbc95789b1b323.png,2005,Die01,4
959,22a7fd3b00d141df84f23555f1a5371dfed249666c506c106d9f8c4d229a7b35.png,2005,Die01,2
960,631e2104780e65748b3f809ed808158f560aebd735f2e1eda553262f0691b028.png,2005,Die01,6
961,c16f8ad0beb003501c3b41c8b7b76d6f5647b34d85723b7d729e74aa4426936f.png,2005,Die01,2
962,9410e9c7765e8836bb667922bc0b3d2f9c4850dc3bbc3515de0a221b22f65730.png,2005,Die01,4
963,052562e287286fbd27047e550d5dfdb043046efc724a5d17bb59f4a32be0d7e7.png,2005,Die01,4
964,9b065aa35f28b4c6d3b124355c8ea68b027764b778af469ee5a77666cc245551.png,2005,Die01,4
965,e9820083a92d86a71920098e3f378863ce3fb0e9cd7282642a774bfe45cd89d6.png,2005,Die01,4
966,5b4d26b8eb96c2a4289316e115f264a33fc96b2090029b282cd419e39e32df61.png,2005,Die01,4
967,31bdb04a340ea3edf281231df4127e3f4f1b7350305584937b0f05087f4eeaa7.png,2005,Die01,0
968,57d5309364c38b09cfc0ca6e1701b428682003462dacae94b5dcd815919d1616.png,2005,Die02,0
969,46b5fc20c44c83018969fde8a5e2863bc73006ee65cbf8aefbda50f8cd293339.png,2005,Die02,0
970,be62cbbbd16e8bc42150962c319411e1ec1bc4d51fe5620ced5fc326f75e61c6.png,2005,Die02,4
971,1d955b92b828034ba4d907fe993ed73d4c6b622d30567a97e42782c3b6073adc.png,2005,Die02,4
972,02695ca71fe8c717960ef32599b62de33d68a2e12e843492c5f8fa431816f966.png,2005,Die02,4
973,591c4731e69ea541fd6a334426754d99888955fbb91cf68fe96a822ca3a8e558.png,2005,Die02,4
974,4bb14f0a12bae4d3beb3e812b2aaefa4e4efa51c7b6b7ceffe7684ad92471600.png,2005,Die02,1
975,fb450a7877a769980cd3eb61dc33c5f893ddcc8a029910db4276f6b86e05c585.png,2005,Die02,4
976,8463ce401e53ae9746de8a25e405132e7308644c8d0307872ad65a823c05ba77.png,2005,Die02,4
977,01c3ed90e89153c0045646ddca80406eacf5c9da2bbf29586e3be7c97e8bc503.png,2005,Die03,0
978,c0e39e3282df2334e123bffa39231d1acb0e062c6380a75c84bc7dad262c8ffa.png,2005,Die03,4
979,7fa3e8149168ec98bee887f741aa180313629fcbaba0990c530cdfe393cebbf9.png,2005,Die03,4
980,0eceaddde81537f768c69d5ff81d9377148d58e90b64b26262cf9a2162e18316.png,2005,Die03,4
981,54f73d162ad47752481b6c266e436aeac56c0f8d28a70f5dbc17c9929a47a3c2.png,2005,Die03,2
982,d58c45192cfc9f4f14cf691370fc58d6d5971add16780575c27c2358f4946760.png,2005,Die03,6
983,a6d03000709b59aa2b66ec6dc1070314647b89857145fb24655e113208d1a309.png,2005,Die03,4
984,4ae1d49333e8b7b13401740022dfb776e0b889542d0b2e2e1e1084914c1a2c0a.png,2005,Die03,4
985,adce33296300c7985ae0ec959fc74fb43610241cf9d9a020519ddda96d334d3f.png,2005,Die03,6
986,a4721e41a15d87c481b32ab2052991d181fdf78c5cd9226baf8e7e8327037d62.png,2005,Die03,0
987,ab0f8a87a889a3bafeb6c45dfce3b7a8bcd963c289e7e07174b6866388fdf148.png,2005,Die04,4
988,8da096f94fbcb2af7cd7851ea6b777982874dd44aad98a1ec49872abc32ede11.png,2005,Die04,4
989,85d1d970cef928364a9d511ee66c967a32640b9980427db2404e50c0f99d7a31.png,2005,Die04,4
990,99f7add9d421dff58021a24ad1bdb550fc69ed7cbeed08aa793c253294be6034.png,2005,Die04,4
991,a2f2e94e7a07f5176e1fe527a206c9e5e5caddf6e9540f3055c8036ff9b2bfb0.png,2005,Die04,4
992,13b87aabc9b09954620ecf7b3e484c3e6ca40b2a522993a471ee2b49686cb284.png,2005,Die04,4
993,2415256d74e03d789f82b038070090b4aa2a60583d401f6da49f8d825b52dbc4.png,2005,Die04,4
994,1afcea613fbee09990eed954b40211268f596b14b1fd32e9279c4d2ebb848485.png,2003,Die01,4
995,cfb0c54600a72ec03c5465f515c9692996af0d73b210a862d0d4b17a96f5352d.png,2003,Die01,4
996,7fa008546c1432dccebfb52c025adbcc14157d68230a72f8c6a480fffae39e17.png,2003,Die01,4
997,1278ba536985ae1b40d99e44686ab8fefaa8bd8627c5e74d0b4082bb3c165d7e.png,2003,Die01,1
998,a47ba921b024b99aab71a9d35f438359c7491fc4bf0c41f286739a0e046c902f.png,2003,Die01,4
999,61d9c0f134aa11562704d3be6482ea166d9f4c00e8a1b2978b01e6df5e279695.png,2003,Die02,4
1000,47faf886bd67db7fa3c1afb02ce369a3f211dd63875b018f19c041c9c07bbe2b.png,2003,Die02,4
1001,0684ac5d0a9c4fb768d63644f42a8e9f31bc12cf9ac0d6215e762bd3eb5c8fee.png,2003,Die02,0
1002,a373d95259aca7caebb9e1951d040f383e658e7c51b0585d8f63bfc97951c4ec.png,2003,Die03,4
1003,05a7e542485425c57f9b65693be3c0778e179c1cd61b13101996ebd05b6166a5.png,2003,Die03,4
1004,b1411ae962e702cd60e7b25c50af9415abb7d5cd04a7e6e3a770c0d9fe450490.png,2003,Die03,4
1005,973030a323cb61acbe4bd9ad090a8c26b16071d8e343d22a6aa0b820bd5efc30.png,2003,Die03,6
1006,9050501147828e3878461a75a8c19eaab84787805304c002bc1953a8cda56ae2.png,2003,Die04,4
1007,69eecd14bc6cbb3a6ed042f2d75ce1d33ca22faedcdf3f83dae7a32f01dcec59.png,2005,Die01,3
1008,ae4df81adbb381a6f5a32a1eac6ae89d47ee55250d7915a46a6e6fe276c7dd8b.png,2005,Die01,0
1009,1295c7541d1413a110f6e62bd3e5b2fee2b1cc3e281fe4fdc1c8b0f17f03075b.png,2005,Die01,0
1010,7801dee634098a3294ae3cc8219981d424d51569204b5a804a1e732e3faa85fa.png,2005,Die01,4
1011,ae6f5e08200693b518ecb9be12df99840272632a119d88a893f1c81177a0a12a.png,2005,Die02,2
1012,ffecaf448dcada58457055ef82214338c37bb3fd3f94800518996e7090c8a01a.png,2005,Die02,4
1013,38aba937829853956351df4243daf8e617c830dffa50ddb9ff247404e20d668b.png,2005,Die03,4
1014,9b98d712c859872ad94106584f9929bb67130858862631c1901611b30b6c87e6.png,2005,Die03,4
1015,b357dd9857fa178dd73d4b76222245516a2ac06582ed007513378316db51e031.png,2005,Die04,2
1016,347a8dd76cf83edc121ebd830eb994c2700eae3c70faafd7f87cf900db6e5a67.png,2003,Die02,4
1017,235b0e4846b35c8b312fc030172348b2b02dc215261b1003f475708fafba41c3.png,2003,Die03,4
1018,fa43de46c3f48d86316520cf025f46aaa5abe42edcb45d197b925ef93f21379f.png,2003,Die03,4
1019,43ab78089f5c4c302f3b0c5ad55c04c030f5076d27ac5135e65f0cc97c61a6cb.png,2003,Die03,4
1020,b4fb7267f57896ac6b2a4368da80c18c30ec11ea0016755b47620f82b8ec97f1.png,2003,Die03,0
1021,ac5cfc7b9400ca42ddb225445ae47b50328f6f1f64397a40fbb700bbc04dee12.png,2003,Die03,0
1022,2b8c5ddcce94b5ca5b226744cbf12e97d9ea3c0ef5149e789828d8aec9093834.png,2003,Die04,4
1023,e5481c91c9594da39c58ff35960cee83cb60f49a33982e1154ddd796c9e14a3b.png,2003,Die04,5
1024,eb46651dfe5e3547bdbed8fcf4a10d4533c2165c35532d9c37e5332433562025.png,2003,Die04,4
1025,3e72bb3752e00bb3e329d337736eb77945b1d68a0af149c099a48192e43dee1a.png,2005,Die02,4
1026,c3fcc366241056d9506ca23c5e7c89a385a714f899144f66975f0e1d01d4f2eb.png,2005,Die02,4
1027,5d38263fa303466cf18334125a606a1b9daec4ad5651db8b548b5f5eb4f00e20.png,2005,Die02,4
1028,2cba5d3004853a2880daa45d0fb239986d1fa0f244aaad3dc51b7469a3a8c883.png,2005,Die03,4
1029,10b0c36579c608d2e75e2d660846009fca886b92c674baff28c9ab23d6f063c3.png,2005,Die03,4
1030,445497ebfdbcb427fa77032d68d263969a12d625c30b0de2dd2683b9c931ff40.png,2005,Die03,4
1031,f2f1ab1c3e8813e63e2586c2cb9fbbc06acdf58e7c6cadd9fe28e91d57654092.png,2005,Die04,0
1032,32feffac4e1d9cf747c7929d224e4c2fa0cdeb3d6974b70fffbeedf0d883ad58.png,2005,Die04,4
1033,9e42bec402ef720ee139218787633f384f329962681a617b80954b8811ca4234.png,2005,Die04,3
1034,ff2b02c4c675d1d0233b9388f485c97f7e9efb8fb813c56472d806d781ffbdfa.png,2003,Die03,4
1035,4f6cb4ac67377861da3ad08a01e50c3f8acafbb17900f91c92240eb7cb032214.png,2005,Die02,4
1036,cb6c18747fb495f92c2748372b5507a8ba4836cc778669f8ee9d31a09e5b6d09.png,2005,Die02,4
1037,fd4e3dd2905cdba9094b4d05bdd30067dad3a9207933801c373c4bb4c4ffc0d0.png,2005,Die03,4
1038,bb21f41694abfcb92ee7a5884a92b831dccfbb500721a5cd07f2c7fe92a15f6a.png,2005,Die04,2
1039,d09f156406b3ea84ebf79c9bb47d3b40337235f9ef60e4085ffb463dffb423f1.png,2005,Die04,2
1040,2e2e9b8378e0285bcb2f899d272d2d8035343d91c095a9c8867b8e32b8968c8e.png,2003,Die01,4
1041,6a0f65be28139b100105762cddaeb5bfe76c066e5f4ee0e5b89f75da92a6949b.png,2003,Die02,4
1042,0097035d8b03da345aab4afd2b95ff4c30c1d1f0d22cd276fa97b352b633a772.png,2003,Die03,4
1043,14fba6896255e25133ecc7e84a62b02aab12d04ee96987bfc3eae69d88671773.png,2003,Die04,2
1044,67463fbbf436fd1d0b00a3948a2081ba9b670a03af5d8c149ccf004c738d7caa.png,2003,Die04,4
1045,530d31f6e2cc42716e3f25df51162e87aa8ac9a04e918ae9770bce4b027331a0.png,2003,Die04,4
1046,f99793c9d283d6606277f8c9bb7170af951974486986778a0822ce729f680710.png,2003,Die04,4
1047,3944ed158b9eea08cae20a150c5b947e8e5574b088d3a2ddcdaa362b771418ed.png,2005,Die01,0
1048,2c71be1ee582975054611eb09b2ee615c011ab9f4d76dd04c1e7287e8f6a5f17.png,2005,Die01,2
1049,6771523df4c6853bb5fa354899527f868782b62e9a30de07827bdcfa0de64667.png,2005,Die02,4
1050,0956677770c992548a831481f9abd5e5b2d2ce12b1b6bfc2c984c3d325407f26.png,2005,Die03,6
1051,75c73355d2ca327205efe51bca8d05a844aeab2175e27c760c81d2db5facbbd7.png,2005,Die03,4
1052,ffa31a6dccbac6ef407c21c5b80ec7a6a6ad7c8752cf1a0fa9fb0bafb714a1da.png,2005,Die03,4
1053,859385d53537cf3e810c5e0e8238c2920b471a498642e19c12fd94e2326f31db.png,2005,Die04,4
1054,ea539d471b88f0aa697aa0b4cb4b53a2945ebe3baa8b4075382cfb11af81f148.png,2005,Die04,4
